Source,Target,Type,Id,Label,timeset,Weight
@@leendertdelange,@MarijnissenL,Directed,0,,,5
@@leendertdelange,@RenskeLeijten,Directed,1,,,1
@@leendertdelange,@dijkhoff,Directed,2,,,1
@@leendertdelange,@peterkwint,Directed,3,,,1
@@leendertdelange,@thierrybaudet,Directed,4,,,14
@@poortvli,@MarijnissenL,Directed,5,,,5
@@poortvli,@RenskeLeijten,Directed,6,,,1
@@poortvli,@dijkhoff,Directed,7,,,1
@@poortvli,@peterkwint,Directed,8,,,1
@@poortvli,@thierrybaudet,Directed,9,,,14
@@sneller,@MarijnissenL,Directed,10,,,5
@@sneller,@RenskeLeijten,Directed,11,,,1
@@sneller,@dijkhoff,Directed,12,,,1
@@sneller,@peterkwint,Directed,13,,,1
@@sneller,@thierrybaudet,Directed,14,,,14
@APechtold,@APechtold,Directed,15,,,23
@APechtold,@GroothuizenD66,Directed,16,,,1
@APechtold,@JobaCDA,Directed,17,,,1
@APechtold,@KeesVee,Directed,18,,,3
@APechtold,@LodewijkA,Directed,19,,,1
@APechtold,@Paul_van_Meenen,Directed,20,,,2
@APechtold,@RobJetten,Directed,21,,,4
@APechtold,@geertwilderspvv,Directed,22,,,2
@APechtold,@jpaternotte,Directed,23,,,2
@APechtold,@piadijkstra,Directed,24,,,1
@APechtold,@svanweyenberg,Directed,25,,,1
@APechtold,@swsjoerdsma,Directed,26,,,6
@APechtold,@thierrybaudet,Directed,27,,,2
@AgnesMulderCDA,@AgnesMulderCDA,Directed,28,,,29
@AgnesMulderCDA,@AntjeDiertens,Directed,29,,,1
@AgnesMulderCDA,@DilanYesilgoz,Directed,30,,,3
@AgnesMulderCDA,@ErikRonnes,Directed,31,,,1
@AgnesMulderCDA,@HanTenBroeke,Directed,32,,,1
@AgnesMulderCDA,@JacoGeurts,Directed,33,,,1
@AgnesMulderCDA,@JobaCDA,Directed,34,,,4
@AgnesMulderCDA,@JoelVoordewind,Directed,35,,,1
@AgnesMulderCDA,@MvanToorenburg,Directed,36,,,3
@AgnesMulderCDA,@RobJetten,Directed,37,,,5
@AgnesMulderCDA,@SalimaBelhaj,Directed,38,,,1
@AgnesMulderCDA,@TjeerdD66,Directed,39,,,1
@AgnesMulderCDA,@TomvanderLee,Directed,40,,,2
@AgnesMulderCDA,@WassenbergFrank,Directed,41,,,1
@AgnesMulderCDA,@ZelYassini,Directed,42,,,1
@AgnesMulderCDA,@aukjedevries,Directed,43,,,2
@AgnesMulderCDA,@carladikfaber,Directed,44,,,3
@AgnesMulderCDA,@harryvdmolen,Directed,45,,,2
@AgnesMulderCDA,@keesvdstaaij,Directed,46,,,1
@AgnesMulderCDA,@kirstenvdhul,Directed,47,,,1
@AgnesMulderCDA,@mvonmartels,Directed,48,,,1
@AgnesMulderCDA,@remcovvd,Directed,49,,,2
@AgnesMulderCDA,@suzanne_GL,Directed,50,,,1
@AgnesMulderCDA,@swsjoerdsma,Directed,51,,,1
@AgnesMulderCDA,@sybrandbuma,Directed,52,,,1
@AgnesMulderCDA,@wmoorlag,Directed,53,,,1
@AnneKuik,@AgnesMulderCDA,Directed,54,,,12
@AnneKuik,@AnneKuik,Directed,55,,,19
@AnneKuik,@BisschopRoelof,Directed,56,,,1
@AnneKuik,@DennisWiersma,Directed,57,,,1
@AnneKuik,@ErikRonnes,Directed,58,,,5
@AnneKuik,@EvertJanSlootwe,Directed,59,,,1
@AnneKuik,@JobaCDA,Directed,60,,,3
@AnneKuik,@MvanToorenburg,Directed,61,,,1
@AnneKuik,@SalimaBelhaj,Directed,62,,,1
@AnneKuik,@StienekevdGraaf,Directed,63,,,1
@AnneKuik,@chris_stoffer,Directed,64,,,1
@AnneKuik,@gertjansegers,Directed,65,,,1
@AnneKuik,@harryvdmolen,Directed,66,,,8
@AnneKuik,@keesvdstaaij,Directed,67,,,1
@AnneKuik,@kirstenvdhul,Directed,68,,,1
@AnneKuik,@michelrog,Directed,69,,,1
@AnneKuik,@mvonmartels,Directed,70,,,1
@AnneKuik,@sybrandbuma,Directed,71,,,1
@AntjeDiertens,@APechtold,Directed,72,,,3
@AntjeDiertens,@AgnesMulderCDA,Directed,73,,,1
@AntjeDiertens,@AntjeDiertens,Directed,74,,,6
@AntjeDiertens,@GroothuizenD66,Directed,75,,,4
@AntjeDiertens,@JobaCDA,Directed,76,,,1
@AntjeDiertens,@KeesVee,Directed,77,,,1
@AntjeDiertens,@MatthijsSienot,Directed,78,,,1
@AntjeDiertens,@Paul_van_Meenen,Directed,79,,,1
@AntjeDiertens,@RobJetten,Directed,80,,,11
@AntjeDiertens,@SalimaBelhaj,Directed,81,,,4
@AntjeDiertens,@TjeerdD66,Directed,82,,,9
@AntjeDiertens,@Vera_Bergkamp,Directed,83,,,1
@AntjeDiertens,@ZelYassini,Directed,84,,,1
@AntjeDiertens,@achrafboualiD66,Directed,85,,,1
@AntjeDiertens,@foortvanoosten,Directed,86,,,1
@AntjeDiertens,@kirstenvdhul,Directed,87,,,1
@AntjeDiertens,@peterkwint,Directed,88,,,1
@AntjeDiertens,@piadijkstra,Directed,89,,,2
@AntjeDiertens,@rudmer,Directed,90,,,1
@AntjeDiertens,@svanweyenberg,Directed,91,,,3
@AntjeDiertens,@swsjoerdsma,Directed,92,,,2
@Antoinettelaan,@Antoinettelaan,Directed,93,,,10
@Antoinettelaan,@DennisWiersma,Directed,94,,,3
@Antoinettelaan,@DilanYesilgoz,Directed,95,,,1
@Antoinettelaan,@HanTenBroeke,Directed,96,,,1
@Antoinettelaan,@HelmaLodders,Directed,97,,,1
@Antoinettelaan,@JeanineHennis,Directed,98,,,1
@Antoinettelaan,@SalimaBelhaj,Directed,99,,,2
@Antoinettelaan,@Vera_Bergkamp,Directed,100,,,1
@Antoinettelaan,@Worsdorfer,Directed,101,,,1
@Antoinettelaan,@ZelYassini,Directed,102,,,1
@Antoinettelaan,@andrebosman,Directed,103,,,1
@Antoinettelaan,@arnorutte,Directed,104,,,2
@Antoinettelaan,@aukjedevries,Directed,105,,,4
@Antoinettelaan,@bentebecker,Directed,106,,,1
@Antoinettelaan,@erikziengs,Directed,107,,,1
@Antoinettelaan,@harryvdmolen,Directed,108,,,1
@Antoinettelaan,@peterkwint,Directed,109,,,3
@Antoinettelaan,@piadijkstra,Directed,110,,,1
@Antoinettelaan,@rudmer,Directed,111,,,1
@AntoonKanis,@AntoonKanis,Directed,112,,,3
@AntoonKanis,@MahirAlkaya,Directed,113,,,1
@AntoonKanis,@RobJetten,Directed,114,,,4
@AntoonKanis,@TjeerdD66,Directed,115,,,10
@AntoonKanis,@Vera_Bergkamp,Directed,116,,,1
@AntoonKanis,@eppobruins,Directed,117,,,3
@AntoonKanis,@jpaternotte,Directed,118,,,5
@ArneWeverling,@ArneWeverling,Directed,119,,,10
@ArneWeverling,@DilanYesilgoz,Directed,120,,,1
@ArneWeverling,@HelmaLodders,Directed,121,,,5
@ArneWeverling,@JacoGeurts,Directed,122,,,1
@ArneWeverling,@TomvanderLee,Directed,123,,,1
@ArneWeverling,@Worsdorfer,Directed,124,,,2
@ArneWeverling,@ZelYassini,Directed,125,,,1
@ArneWeverling,@carladikfaber,Directed,126,,,1
@ArneWeverling,@dijkhoff,Directed,127,,,1
@ArneWeverling,@foortvanoosten,Directed,128,,,1
@AvandenBoschVVD,@ArneWeverling,Directed,129,,,1
@AvandenBoschVVD,@AvandenBoschVVD,Directed,130,,,2
@AvandenBoschVVD,@DilanYesilgoz,Directed,131,,,1
@AvandenBoschVVD,@HanTenBroeke,Directed,132,,,2
@AvandenBoschVVD,@HankeBruinsSlot,Directed,133,,,1
@AvandenBoschVVD,@Jan_Middendorp,Directed,134,,,4
@AvandenBoschVVD,@Martijncda,Directed,135,,,1
@AvandenBoschVVD,@RobJetten,Directed,136,,,2
@AvandenBoschVVD,@a_mulder,Directed,137,,,4
@AvandenBoschVVD,@achrafboualiD66,Directed,138,,,2
@AvandenBoschVVD,@andrebosman,Directed,139,,,1
@AvandenBoschVVD,@arnorutte,Directed,140,,,1
@AvandenBoschVVD,@bentebecker,Directed,141,,,9
@AvandenBoschVVD,@danielkoerhuis,Directed,142,,,3
@AvandenBoschVVD,@foortvanoosten,Directed,143,,,3
@AvandenBoschVVD,@gertjansegers,Directed,144,,,1
@AvandenBoschVVD,@jpaternotte,Directed,145,,,1
@AvandenBoschVVD,@keesvdstaaij,Directed,146,,,1
@AvandenBoschVVD,@remcovvd,Directed,147,,,4
@AvandenBoschVVD,@rudmer,Directed,148,,,1
@AvandenBoschVVD,@thierrybaudet,Directed,149,,,1
@BisschopRoelof,@AnneKuik,Directed,150,,,1
@BisschopRoelof,@ArneWeverling,Directed,151,,,1
@BisschopRoelof,@BisschopRoelof,Directed,152,,,12
@BisschopRoelof,@JacoGeurts,Directed,153,,,1
@BisschopRoelof,@JaspervanDijkSP,Directed,154,,,1
@BisschopRoelof,@Paul_van_Meenen,Directed,155,,,1
@BisschopRoelof,@carladikfaber,Directed,156,,,2
@BisschopRoelof,@chris_stoffer,Directed,157,,,6
@BisschopRoelof,@eppobruins,Directed,158,,,2
@BisschopRoelof,@harryvdmolen,Directed,159,,,1
@BisschopRoelof,@jesseklaver,Directed,160,,,1
@BisschopRoelof,@jpaternotte,Directed,161,,,1
@BisschopRoelof,@keesvdstaaij,Directed,162,,,9
@BisschopRoelof,@michelrog,Directed,163,,,4
@BisschopRoelof,@peterkwint,Directed,164,,,1
@BisschopRoelof,@thierrybaudet,Directed,165,,,1
@BramvanOjikGL,@APechtold,Directed,166,,,1
@BramvanOjikGL,@BramvanOjikGL,Directed,167,,,6
@BramvanOjikGL,@HanTenBroeke,Directed,168,,,2
@BramvanOjikGL,@IsabelleDiks,Directed,169,,,1
@BramvanOjikGL,@LodewijkA,Directed,170,,,1
@BramvanOjikGL,@RenskeLeijten,Directed,171,,,1
@BramvanOjikGL,@jesseklaver,Directed,172,,,4
@CemLacin,@CemLacin,Directed,173,,,12
@CemLacin,@CvanBrenk,Directed,174,,,4
@CemLacin,@FrankFutselaar,Directed,175,,,1
@CemLacin,@JaspervanDijkSP,Directed,176,,,1
@CemLacin,@JessicaVanEijs,Directed,177,,,1
@CemLacin,@LammertvanRaan,Directed,178,,,6
@CemLacin,@MahirAlkaya,Directed,179,,,1
@CemLacin,@MarijnissenL,Directed,180,,,6
@CemLacin,@MatthijsSienot,Directed,181,,,1
@CemLacin,@MustafaAmhaouch,Directed,182,,,1
@CemLacin,@RenskeLeijten,Directed,183,,,2
@CemLacin,@RidderDionGraus,Directed,184,,,1
@CemLacin,@SadetKarabulut,Directed,185,,,11
@CemLacin,@SandraBeckerman,Directed,186,,,1
@CemLacin,@dijkvangijs,Directed,187,,,2
@CemLacin,@erikziengs,Directed,188,,,1
@CemLacin,@jesseklaver,Directed,189,,,1
@CemLacin,@jpaternotte,Directed,190,,,1
@CemLacin,@mvonmartels,Directed,191,,,1
@CemLacin,@peterkwint,Directed,192,,,3
@CemLacin,@remcovvd,Directed,193,,,25
@CemLacin,@rvanaalst,Directed,194,,,1
@CemLacin,@suzanne_GL,Directed,195,,,11
@CorinneEllemeet,@BramvanOjikGL,Directed,196,,,2
@CorinneEllemeet,@CorinneEllemeet,Directed,197,,,18
@CorinneEllemeet,@JobaCDA,Directed,198,,,1
@CorinneEllemeet,@LauraBromet,Directed,199,,,2
@CorinneEllemeet,@Lisawesterveld,Directed,200,,,5
@CorinneEllemeet,@LodewijkA,Directed,201,,,1
@CorinneEllemeet,@MaartenHijink,Directed,202,,,1
@CorinneEllemeet,@PaulSmeulders,Directed,203,,,2
@CorinneEllemeet,@TomvanderLee,Directed,204,,,3
@CorinneEllemeet,@ZihniOzdil,Directed,205,,,3
@CorinneEllemeet,@aukjedevries,Directed,206,,,1
@CorinneEllemeet,@bartsnels,Directed,207,,,3
@CorinneEllemeet,@carladikfaber,Directed,208,,,1
@CorinneEllemeet,@gertjansegers,Directed,209,,,1
@CorinneEllemeet,@jesseklaver,Directed,210,,,6
@CorinneEllemeet,@kirstenvdhul,Directed,211,,,1
@CorinneEllemeet,@suzanne_GL,Directed,212,,,1
@CorinneEllemeet,@wimjanrenkema,Directed,213,,,1
@CvanBrenk,@CemLacin,Directed,214,,,2
@CvanBrenk,@CvanBrenk,Directed,215,,,32
@CvanBrenk,@HenkKrol,Directed,216,,,5
@CvanBrenk,@JaspervanDijkSP,Directed,217,,,2
@CvanBrenk,@JessicaVanEijs,Directed,218,,,1
@CvanBrenk,@JoelVoordewind,Directed,219,,,1
@CvanBrenk,@LeonieSazias,Directed,220,,,4
@CvanBrenk,@RenePetersOss,Directed,221,,,1
@CvanBrenk,@achrafboualiD66,Directed,222,,,1
@CvanBrenk,@bentebecker,Directed,223,,,1
@CvanBrenk,@dijkvangijs,Directed,224,,,3
@CvanBrenk,@eppobruins,Directed,225,,,1
@CvanBrenk,@jpaternotte,Directed,226,,,1
@CvanBrenk,@kirstenvdhul,Directed,227,,,1
@CvanBrenk,@remcovvd,Directed,228,,,2
@Danai_PVV,@BisschopRoelof,Directed,229,,,1
@Danai_PVV,@EmielVanDijkPVV,Directed,230,,,2
@Danai_PVV,@FleurAgemaPVV,Directed,231,,,2
@Danai_PVV,@GraafdeMachiel,Directed,232,,,4
@Danai_PVV,@KopsPVV,Directed,233,,,1
@Danai_PVV,@VickyMaeijer,Directed,234,,,1
@Danai_PVV,@bentebecker,Directed,235,,,1
@Danai_PVV,@edgarmulder1,Directed,236,,,1
@Danai_PVV,@geertwilderspvv,Directed,237,,,72
@Danai_PVV,@harmbeertema,Directed,238,,,3
@Danai_PVV,@leondejong,Directed,239,,,2
@Danai_PVV,@lilianhelderpvv,Directed,240,,,1
@Danai_PVV,@r_deroonpvv,Directed,241,,,3
@DennisWiersma,@AntjeDiertens,Directed,242,,,1
@DennisWiersma,@Antoinettelaan,Directed,243,,,2
@DennisWiersma,@DennisWiersma,Directed,244,,,13
@DennisWiersma,@DilanYesilgoz,Directed,245,,,5
@DennisWiersma,@HanTenBroeke,Directed,246,,,1
@DennisWiersma,@HelmaLodders,Directed,247,,,1
@DennisWiersma,@HenkKrol,Directed,248,,,1
@DennisWiersma,@Martijncda,Directed,249,,,1
@DennisWiersma,@RoaldLinde,Directed,250,,,2
@DennisWiersma,@ZelYassini,Directed,251,,,1
@DennisWiersma,@aukjedevries,Directed,252,,,2
@DennisWiersma,@bvantwout,Directed,253,,,1
@DennisWiersma,@cnijkerken,Directed,254,,,6
@DennisWiersma,@dijkhoff,Directed,255,,,3
@DennisWiersma,@foortvanoosten,Directed,256,,,2
@DennisWiersma,@harryvdmolen,Directed,257,,,1
@DennisWiersma,@keesvdstaaij,Directed,258,,,1
@DilanYesilgoz,@Antoinettelaan,Directed,259,,,1
@DilanYesilgoz,@DennisWiersma,Directed,260,,,1
@DilanYesilgoz,@DilanYesilgoz,Directed,261,,,7
@DilanYesilgoz,@MalikAzmani,Directed,262,,,1
@DilanYesilgoz,@PieterHeerma,Directed,263,,,1
@DilanYesilgoz,@SandraBeckerman,Directed,264,,,1
@DilanYesilgoz,@arnorutte,Directed,265,,,1
@DilanYesilgoz,@aukjedevries,Directed,266,,,1
@DilanYesilgoz,@bentebecker,Directed,267,,,5
@DilanYesilgoz,@danielkoerhuis,Directed,268,,,3
@DilanYesilgoz,@dijkhoff,Directed,269,,,6
@DilanYesilgoz,@foortvanoosten,Directed,270,,,2
@DilanYesilgoz,@remcovvd,Directed,271,,,2
@EmielVanDijkPVV,@EmielVanDijkPVV,Directed,272,,,5
@EmielVanDijkPVV,@FleurAgemaPVV,Directed,273,,,8
@EmielVanDijkPVV,@GidiMarkuszower,Directed,274,,,5
@EmielVanDijkPVV,@GraafdeMachiel,Directed,275,,,7
@EmielVanDijkPVV,@KopsPVV,Directed,276,,,1
@EmielVanDijkPVV,@RidderDionGraus,Directed,277,,,2
@EmielVanDijkPVV,@VickyMaeijer,Directed,278,,,1
@EmielVanDijkPVV,@edgarmulder1,Directed,279,,,2
@EmielVanDijkPVV,@geertwilderspvv,Directed,280,,,97
@EmielVanDijkPVV,@harmbeertema,Directed,281,,,3
@EmielVanDijkPVV,@leondejong,Directed,282,,,8
@EmielVanDijkPVV,@lilianhelderpvv,Directed,283,,,2
@EmielVanDijkPVV,@r_deroonpvv,Directed,284,,,2
@ErikRonnes,@AgnesMulderCDA,Directed,285,,,1
@ErikRonnes,@Antoinettelaan,Directed,286,,,1
@ErikRonnes,@BramvanOjikGL,Directed,287,,,1
@ErikRonnes,@ErikRonnes,Directed,288,,,26
@ErikRonnes,@EvertJanSlootwe,Directed,289,,,1
@ErikRonnes,@HaykeVeldman,Directed,290,,,1
@ErikRonnes,@JessicaVanEijs,Directed,291,,,3
@ErikRonnes,@MustafaAmhaouch,Directed,292,,,2
@ErikRonnes,@PieterOmtzigt,Directed,293,,,2
@ErikRonnes,@SandraBeckerman,Directed,294,,,1
@ErikRonnes,@WassenbergFrank,Directed,295,,,1
@ErikRonnes,@danielkoerhuis,Directed,296,,,4
@ErikRonnes,@harryvdmolen,Directed,297,,,4
@ErikRonnes,@mvonmartels,Directed,298,,,2
@ErikRonnes,@sybrandbuma,Directed,299,,,1
@EvertJanSlootwe,@AgnesMulderCDA,Directed,300,,,2
@EvertJanSlootwe,@AnneKuik,Directed,301,,,4
@EvertJanSlootwe,@CorinneEllemeet,Directed,302,,,2
@EvertJanSlootwe,@ErikRonnes,Directed,303,,,12
@EvertJanSlootwe,@EvertJanSlootwe,Directed,304,,,32
@EvertJanSlootwe,@JacoGeurts,Directed,305,,,7
@EvertJanSlootwe,@JobaCDA,Directed,306,,,5
@EvertJanSlootwe,@Lisawesterveld,Directed,307,,,1
@EvertJanSlootwe,@Martijncda,Directed,308,,,1
@EvertJanSlootwe,@MustafaAmhaouch,Directed,309,,,1
@EvertJanSlootwe,@MvanToorenburg,Directed,310,,,1
@EvertJanSlootwe,@PieterOmtzigt,Directed,311,,,19
@EvertJanSlootwe,@RenePetersOss,Directed,312,,,3
@EvertJanSlootwe,@RenskeLeijten,Directed,313,,,1
@EvertJanSlootwe,@RobJetten,Directed,314,,,1
@EvertJanSlootwe,@Sophie_Hermans,Directed,315,,,1
@EvertJanSlootwe,@Vera_Bergkamp,Directed,316,,,2
@EvertJanSlootwe,@carladikfaber,Directed,317,,,1
@EvertJanSlootwe,@gertjansegers,Directed,318,,,1
@EvertJanSlootwe,@harryvdmolen,Directed,319,,,6
@EvertJanSlootwe,@michelrog,Directed,320,,,2
@EvertJanSlootwe,@piadijkstra,Directed,321,,,1
@EvertJanSlootwe,@remcovvd,Directed,322,,,1
@EvertJanSlootwe,@svanweyenberg,Directed,323,,,2
@EvertJanSlootwe,@sybrandbuma,Directed,324,,,2
@F_azarkan,@BisschopRoelof,Directed,325,,,1
@F_azarkan,@F_azarkan,Directed,326,,,6
@F_azarkan,@HanTenBroeke,Directed,327,,,2
@F_azarkan,@JoelVoordewind,Directed,328,,,1
@F_azarkan,@bentebecker,Directed,329,,,2
@F_azarkan,@danielkoerhuis,Directed,330,,,1
@F_azarkan,@dijkhoff,Directed,331,,,1
@F_azarkan,@jpaternotte,Directed,332,,,1
@F_azarkan,@selcukozturknl,Directed,333,,,1
@F_azarkan,@tunahankuzu,Directed,334,,,4
@FemkeMerel,@FemkeMerel,Directed,335,,,33
@FemkeMerel,@LammertvanRaan,Directed,336,,,1
@FemkeMerel,@LauraBromet,Directed,337,,,1
@FemkeMerel,@Lisawesterveld,Directed,338,,,1
@FemkeMerel,@WassenbergFrank,Directed,339,,,3
@FemkeMerel,@estherouwehand,Directed,340,,,5
@FemkeMerel,@mariannethieme,Directed,341,,,11
@FleurAgemaPVV,@FleurAgemaPVV,Directed,342,,,8
@FleurAgemaPVV,@GidiMarkuszower,Directed,343,,,1
@FleurAgemaPVV,@GraafdeMachiel,Directed,344,,,9
@FleurAgemaPVV,@KopsPVV,Directed,345,,,1
@FleurAgemaPVV,@RidderDionGraus,Directed,346,,,1
@FleurAgemaPVV,@edgarmulder1,Directed,347,,,1
@FleurAgemaPVV,@geertwilderspvv,Directed,348,,,25
@FleurAgemaPVV,@harmbeertema,Directed,349,,,3
@FleurAgemaPVV,@leondejong,Directed,350,,,5
@FleurAgemaPVV,@lilianhelderpvv,Directed,351,,,1
@FrankFutselaar,@APechtold,Directed,352,,,1
@FrankFutselaar,@CemLacin,Directed,353,,,9
@FrankFutselaar,@FrankFutselaar,Directed,354,,,33
@FrankFutselaar,@HenkvGerven,Directed,355,,,1
@FrankFutselaar,@JaspervanDijkSP,Directed,356,,,1
@FrankFutselaar,@MarijnissenL,Directed,357,,,5
@FrankFutselaar,@RenskeLeijten,Directed,358,,,1
@FrankFutselaar,@SandraBeckerman,Directed,359,,,5
@FrankFutselaar,@TjeerdD66,Directed,360,,,1
@FrankFutselaar,@ZihniOzdil,Directed,361,,,2
@FrankFutselaar,@kirstenvdhul,Directed,362,,,1
@FrankFutselaar,@peterkwint,Directed,363,,,6
@FrankFutselaar,@wmoorlag,Directed,364,,,2
@GidiMarkuszower,@FleurAgemaPVV,Directed,365,,,1
@GidiMarkuszower,@GidiMarkuszower,Directed,366,,,3
@GidiMarkuszower,@GraafdeMachiel,Directed,367,,,4
@GidiMarkuszower,@edgarmulder1,Directed,368,,,1
@GidiMarkuszower,@geertwilderspvv,Directed,369,,,156
@GidiMarkuszower,@harmbeertema,Directed,370,,,6
@GidiMarkuszower,@leondejong,Directed,371,,,5
@GraafdeMachiel,@BisschopRoelof,Directed,372,,,1
@GraafdeMachiel,@EmielVanDijkPVV,Directed,373,,,1
@GraafdeMachiel,@FleurAgemaPVV,Directed,374,,,2
@GraafdeMachiel,@GidiMarkuszower,Directed,375,,,4
@GraafdeMachiel,@GraafdeMachiel,Directed,376,,,5
@GraafdeMachiel,@KopsPVV,Directed,377,,,1
@GraafdeMachiel,@VickyMaeijer,Directed,378,,,1
@GraafdeMachiel,@edgarmulder1,Directed,379,,,1
@GraafdeMachiel,@geertwilderspvv,Directed,380,,,97
@GraafdeMachiel,@gertjansegers,Directed,381,,,1
@GraafdeMachiel,@harmbeertema,Directed,382,,,7
@GraafdeMachiel,@keesvdstaaij,Directed,383,,,1
@GraafdeMachiel,@leondejong,Directed,384,,,2
@GraafdeMachiel,@lilianhelderpvv,Directed,385,,,1
@GraafdeMachiel,@r_deroonpvv,Directed,386,,,3
@GroothuizenD66,@APechtold,Directed,387,,,4
@GroothuizenD66,@AntjeDiertens,Directed,388,,,3
@GroothuizenD66,@BramvanOjikGL,Directed,389,,,1
@GroothuizenD66,@ErikRonnes,Directed,390,,,1
@GroothuizenD66,@GroothuizenD66,Directed,391,,,8
@GroothuizenD66,@JaspervanDijkSP,Directed,392,,,1
@GroothuizenD66,@JessicaVanEijs,Directed,393,,,1
@GroothuizenD66,@JoelVoordewind,Directed,394,,,2
@GroothuizenD66,@KeesVee,Directed,395,,,8
@GroothuizenD66,@MvanToorenburg,Directed,396,,,2
@GroothuizenD66,@NevinOzutok,Directed,397,,,1
@GroothuizenD66,@Paul_van_Meenen,Directed,398,,,2
@GroothuizenD66,@RobJetten,Directed,399,,,5
@GroothuizenD66,@SalimaBelhaj,Directed,400,,,1
@GroothuizenD66,@TjeerdD66,Directed,401,,,2
@GroothuizenD66,@Vera_Bergkamp,Directed,402,,,5
@GroothuizenD66,@achrafboualiD66,Directed,403,,,1
@GroothuizenD66,@attjekuiken,Directed,404,,,3
@GroothuizenD66,@foortvanoosten,Directed,405,,,2
@GroothuizenD66,@jpaternotte,Directed,406,,,1
@GroothuizenD66,@kirstenvdhul,Directed,407,,,2
@GroothuizenD66,@monicadenboer,Directed,408,,,1
@GroothuizenD66,@piadijkstra,Directed,409,,,1
@GroothuizenD66,@svanweyenberg,Directed,410,,,2
@GroothuizenD66,@swsjoerdsma,Directed,411,,,4
@HanTenBroeke,@BramvanOjikGL,Directed,412,,,1
@HanTenBroeke,@F_azarkan,Directed,413,,,5
@HanTenBroeke,@HanTenBroeke,Directed,414,,,5
@HanTenBroeke,@HelmaLodders,Directed,415,,,2
@HanTenBroeke,@JaspervanDijkSP,Directed,416,,,1
@HanTenBroeke,@Martijncda,Directed,417,,,2
@HanTenBroeke,@PieterOmtzigt,Directed,418,,,3
@HanTenBroeke,@SadetKarabulut,Directed,419,,,1
@HanTenBroeke,@SvenKoopmansVVD,Directed,420,,,4
@HanTenBroeke,@arnorutte,Directed,421,,,5
@HanTenBroeke,@bentebecker,Directed,422,,,1
@HanTenBroeke,@dijkhoff,Directed,423,,,1
@HanTenBroeke,@geertwilderspvv,Directed,424,,,2
@HanTenBroeke,@gertjansegers,Directed,425,,,7
@HanTenBroeke,@keesvdstaaij,Directed,426,,,6
@HanTenBroeke,@piadijkstra,Directed,427,,,1
@HanTenBroeke,@r_deroonpvv,Directed,428,,,2
@HanTenBroeke,@swsjoerdsma,Directed,429,,,1
@HanTenBroeke,@thierrybaudet,Directed,430,,,8
@HankeBruinsSlot,@AnneKuik,Directed,431,,,1
@HankeBruinsSlot,@HankeBruinsSlot,Directed,432,,,78
@HankeBruinsSlot,@HenkKrol,Directed,433,,,1
@HankeBruinsSlot,@JacoGeurts,Directed,434,,,3
@HankeBruinsSlot,@JobaCDA,Directed,435,,,1
@HankeBruinsSlot,@KeesVee,Directed,436,,,1
@HankeBruinsSlot,@PieterOmtzigt,Directed,437,,,1
@HankeBruinsSlot,@RenePetersOss,Directed,438,,,1
@HankeBruinsSlot,@RenskeLeijten,Directed,439,,,3
@HankeBruinsSlot,@Vera_Bergkamp,Directed,440,,,2
@HankeBruinsSlot,@carladikfaber,Directed,441,,,2
@HankeBruinsSlot,@harryvdmolen,Directed,442,,,2
@HankeBruinsSlot,@piadijkstra,Directed,443,,,1
@HankeBruinsSlot,@sybrandbuma,Directed,444,,,5
@HaykeVeldman,@Antoinettelaan,Directed,445,,,1
@HaykeVeldman,@DilanYesilgoz,Directed,446,,,1
@HaykeVeldman,@HanTenBroeke,Directed,447,,,3
@HaykeVeldman,@HaykeVeldman,Directed,448,,,19
@HaykeVeldman,@HelmaLodders,Directed,449,,,1
@HaykeVeldman,@JessicaVanEijs,Directed,450,,,1
@HaykeVeldman,@RobJetten,Directed,451,,,2
@HaykeVeldman,@SvenKoopmansVVD,Directed,452,,,1
@HaykeVeldman,@TomvanderLee,Directed,453,,,1
@HaykeVeldman,@a_mulder,Directed,454,,,1
@HaykeVeldman,@aukjedevries,Directed,455,,,3
@HaykeVeldman,@bvantwout,Directed,456,,,1
@HaykeVeldman,@cnijkerken,Directed,457,,,1
@HaykeVeldman,@eppobruins,Directed,458,,,3
@HaykeVeldman,@erikziengs,Directed,459,,,2
@HelmaLodders,@ArneWeverling,Directed,460,,,3
@HelmaLodders,@AvandenBoschVVD,Directed,461,,,1
@HelmaLodders,@BisschopRoelof,Directed,462,,,1
@HelmaLodders,@DilanYesilgoz,Directed,463,,,1
@HelmaLodders,@HanTenBroeke,Directed,464,,,1
@HelmaLodders,@HelmaLodders,Directed,465,,,41
@HelmaLodders,@JacoGeurts,Directed,466,,,4
@HelmaLodders,@Jan_Middendorp,Directed,467,,,4
@HelmaLodders,@PieterOmtzigt,Directed,468,,,4
@HelmaLodders,@RidderDionGraus,Directed,469,,,1
@HelmaLodders,@RoaldLinde,Directed,470,,,1
@HelmaLodders,@SvenKoopmansVVD,Directed,471,,,1
@HelmaLodders,@Worsdorfer,Directed,472,,,1
@HelmaLodders,@aukjedevries,Directed,473,,,9
@HelmaLodders,@bentebecker,Directed,474,,,3
@HelmaLodders,@danielkoerhuis,Directed,475,,,2
@HelmaLodders,@erikziengs,Directed,476,,,3
@HelmaLodders,@foortvanoosten,Directed,477,,,1
@HelmaLodders,@harryvdmolen,Directed,478,,,1
@HelmaLodders,@remcovvd,Directed,479,,,2
@HenkKrol,@APechtold,Directed,480,,,1
@HenkKrol,@CvanBrenk,Directed,481,,,4
@HenkKrol,@HenkKrol,Directed,482,,,6
@HenkKrol,@LeonieSazias,Directed,483,,,2
@HenkKrol,@LodewijkA,Directed,484,,,1
@HenkKrol,@gertjansegers,Directed,485,,,2
@HenkKrol,@jesseklaver,Directed,486,,,1
@HenkKrol,@keesvdstaaij,Directed,487,,,2
@HenkKrol,@khadijaArib,Directed,488,,,1
@HenkKrol,@sybrandbuma,Directed,489,,,1
@HenkvGerven,@CemLacin,Directed,490,,,1
@HenkvGerven,@HenkvGerven,Directed,491,,,3
@HenkvGerven,@JaspervanDijkSP,Directed,492,,,2
@HenkvGerven,@Lisawesterveld,Directed,493,,,1
@HenkvGerven,@MaartenHijink,Directed,494,,,10
@HenkvGerven,@MarijnissenL,Directed,495,,,22
@HenkvGerven,@RenskeLeijten,Directed,496,,,2
@HenkvGerven,@SadetKarabulut,Directed,497,,,1
@HenkvGerven,@SandraBeckerman,Directed,498,,,3
@HenkvGerven,@peterkwint,Directed,499,,,1
@HvSMartin,@HvSMartin,Directed,500,,,6
@IsabelleDiks,@AgnesMulderCDA,Directed,501,,,2
@IsabelleDiks,@AnneKuik,Directed,502,,,1
@IsabelleDiks,@CorinneEllemeet,Directed,503,,,2
@IsabelleDiks,@CvanBrenk,Directed,504,,,2
@IsabelleDiks,@FrankFutselaar,Directed,505,,,1
@IsabelleDiks,@IsabelleDiks,Directed,506,,,26
@IsabelleDiks,@JoelVoordewind,Directed,507,,,4
@IsabelleDiks,@LammertvanRaan,Directed,508,,,1
@IsabelleDiks,@LeonieSazias,Directed,509,,,2
@IsabelleDiks,@Lisawesterveld,Directed,510,,,2
@IsabelleDiks,@MahirAlkaya,Directed,511,,,3
@IsabelleDiks,@MustafaAmhaouch,Directed,512,,,1
@IsabelleDiks,@NevinOzutok,Directed,513,,,1
@IsabelleDiks,@SadetKarabulut,Directed,514,,,1
@IsabelleDiks,@SalimaBelhaj,Directed,515,,,1
@IsabelleDiks,@SvenKoopmansVVD,Directed,516,,,2
@IsabelleDiks,@TomvanderLee,Directed,517,,,3
@IsabelleDiks,@ZihniOzdil,Directed,518,,,1
@IsabelleDiks,@achrafboualiD66,Directed,519,,,6
@IsabelleDiks,@bartsnels,Directed,520,,,1
@IsabelleDiks,@bentebecker,Directed,521,,,4
@IsabelleDiks,@estherouwehand,Directed,522,,,1
@IsabelleDiks,@jesseklaver,Directed,523,,,6
@IsabelleDiks,@keesvdstaaij,Directed,524,,,2
@IsabelleDiks,@kirstenvdhul,Directed,525,,,5
@IsabelleDiks,@peterkwint,Directed,526,,,1
@IsabelleDiks,@suzanne_GL,Directed,527,,,1
@IsabelleDiks,@swsjoerdsma,Directed,528,,,1
@JTielenVVD,@Antoinettelaan,Directed,529,,,1
@JacoGeurts,@AgnesMulderCDA,Directed,530,,,2
@JacoGeurts,@ErikRonnes,Directed,531,,,1
@JacoGeurts,@HelmaLodders,Directed,532,,,3
@JacoGeurts,@JacoGeurts,Directed,533,,,65
@JacoGeurts,@JobaCDA,Directed,534,,,2
@JacoGeurts,@LauraBromet,Directed,535,,,1
@JacoGeurts,@Martijncda,Directed,536,,,1
@JacoGeurts,@MvanToorenburg,Directed,537,,,1
@JacoGeurts,@PieterHeerma,Directed,538,,,1
@JacoGeurts,@RidderDionGraus,Directed,539,,,1
@JacoGeurts,@SalimaBelhaj,Directed,540,,,1
@JacoGeurts,@TjeerdD66,Directed,541,,,2
@JacoGeurts,@carladikfaber,Directed,542,,,2
@JacoGeurts,@estherouwehand,Directed,543,,,1
@JacoGeurts,@harryvdmolen,Directed,544,,,3
@JacoGeurts,@khadijaArib,Directed,545,,,1
@JacoGeurts,@michelrog,Directed,546,,,1
@JacoGeurts,@mvonmartels,Directed,547,,,3
@JacoGeurts,@tunahankuzu,Directed,548,,,1
@Jan_Middendorp,@Antoinettelaan,Directed,549,,,1
@Jan_Middendorp,@ArneWeverling,Directed,550,,,1
@Jan_Middendorp,@AvandenBoschVVD,Directed,551,,,5
@Jan_Middendorp,@HelmaLodders,Directed,552,,,9
@Jan_Middendorp,@Jan_Middendorp,Directed,553,,,8
@Jan_Middendorp,@LeonieSazias,Directed,554,,,1
@Jan_Middendorp,@Martijncda,Directed,555,,,1
@Jan_Middendorp,@SvenKoopmansVVD,Directed,556,,,4
@Jan_Middendorp,@Worsdorfer,Directed,557,,,1
@Jan_Middendorp,@a_mulder,Directed,558,,,5
@Jan_Middendorp,@arnorutte,Directed,559,,,1
@Jan_Middendorp,@danielkoerhuis,Directed,560,,,1
@Jan_Middendorp,@foortvanoosten,Directed,561,,,1
@Jan_Middendorp,@remcovvd,Directed,562,,,1
@Jan_Middendorp,@selcukozturknl,Directed,563,,,1
@JaspervanDijkSP,@CvanBrenk,Directed,564,,,3
@JaspervanDijkSP,@DennisWiersma,Directed,565,,,1
@JaspervanDijkSP,@DilanYesilgoz,Directed,566,,,1
@JaspervanDijkSP,@FrankFutselaar,Directed,567,,,1
@JaspervanDijkSP,@JaspervanDijkSP,Directed,568,,,1
@JaspervanDijkSP,@MahirAlkaya,Directed,569,,,1
@JaspervanDijkSP,@MarijnissenL,Directed,570,,,9
@JaspervanDijkSP,@NevinOzutok,Directed,571,,,1
@JaspervanDijkSP,@RenePetersOss,Directed,572,,,6
@JaspervanDijkSP,@RenskeLeijten,Directed,573,,,1
@JaspervanDijkSP,@SadetKarabulut,Directed,574,,,5
@JaspervanDijkSP,@SandraBeckerman,Directed,575,,,1
@JaspervanDijkSP,@Vera_Bergkamp,Directed,576,,,1
@JaspervanDijkSP,@ZihniOzdil,Directed,577,,,2
@JaspervanDijkSP,@bartvankent,Directed,578,,,1
@JaspervanDijkSP,@dijkvangijs,Directed,579,,,2
@JaspervanDijkSP,@eppobruins,Directed,580,,,4
@JaspervanDijkSP,@jesseklaver,Directed,581,,,1
@JaspervanDijkSP,@kirstenvdhul,Directed,582,,,1
@JaspervanDijkSP,@peterkwint,Directed,583,,,7
@JeanineHennis,@HanTenBroeke,Directed,584,,,1
@JeanineHennis,@JeanineHennis,Directed,585,,,10
@JeanineHennis,@LodewijkA,Directed,586,,,1
@JessicaVanEijs,@APechtold,Directed,587,,,1
@JessicaVanEijs,@AntjeDiertens,Directed,588,,,1
@JessicaVanEijs,@Antoinettelaan,Directed,589,,,1
@JessicaVanEijs,@ErikRonnes,Directed,590,,,2
@JessicaVanEijs,@GroothuizenD66,Directed,591,,,1
@JessicaVanEijs,@HaykeVeldman,Directed,592,,,1
@JessicaVanEijs,@JessicaVanEijs,Directed,593,,,12
@JessicaVanEijs,@KeesVee,Directed,594,,,1
@JessicaVanEijs,@MatthijsSienot,Directed,595,,,2
@JessicaVanEijs,@Paul_van_Meenen,Directed,596,,,2
@JessicaVanEijs,@RobJetten,Directed,597,,,13
@JessicaVanEijs,@SalimaBelhaj,Directed,598,,,2
@JessicaVanEijs,@TjeerdD66,Directed,599,,,2
@JessicaVanEijs,@WassenbergFrank,Directed,600,,,2
@JessicaVanEijs,@danielkoerhuis,Directed,601,,,3
@JessicaVanEijs,@estherouwehand,Directed,602,,,3
@JessicaVanEijs,@jpaternotte,Directed,603,,,3
@JessicaVanEijs,@monicadenboer,Directed,604,,,1
@JessicaVanEijs,@mvonmartels,Directed,605,,,1
@JessicaVanEijs,@remcovvd,Directed,606,,,1
@JessicaVanEijs,@svanweyenberg,Directed,607,,,1
@JobaCDA,@AgnesMulderCDA,Directed,608,,,2
@JobaCDA,@AnneKuik,Directed,609,,,1
@JobaCDA,@AntjeDiertens,Directed,610,,,2
@JobaCDA,@JacoGeurts,Directed,611,,,2
@JobaCDA,@JobaCDA,Directed,612,,,8
@JobaCDA,@JohnKerstens,Directed,613,,,1
@JobaCDA,@Martijncda,Directed,614,,,1
@JobaCDA,@TomvanderLee,Directed,615,,,1
@JobaCDA,@harryvdmolen,Directed,616,,,3
@JobaCDA,@michelrog,Directed,617,,,1
@JobaCDA,@sybrandbuma,Directed,618,,,2
@JoelVoordewind,@AgnesMulderCDA,Directed,619,,,2
@JoelVoordewind,@AnneKuik,Directed,620,,,2
@JoelVoordewind,@CvanBrenk,Directed,621,,,1
@JoelVoordewind,@GroothuizenD66,Directed,622,,,3
@JoelVoordewind,@HanTenBroeke,Directed,623,,,3
@JoelVoordewind,@IsabelleDiks,Directed,624,,,3
@JoelVoordewind,@JaspervanDijkSP,Directed,625,,,1
@JoelVoordewind,@JoelVoordewind,Directed,626,,,22
@JoelVoordewind,@Martijncda,Directed,627,,,3
@JoelVoordewind,@MvanToorenburg,Directed,628,,,1
@JoelVoordewind,@PieterHeerma,Directed,629,,,1
@JoelVoordewind,@PieterOmtzigt,Directed,630,,,2
@JoelVoordewind,@RenePetersOss,Directed,631,,,4
@JoelVoordewind,@RobJetten,Directed,632,,,1
@JoelVoordewind,@SadetKarabulut,Directed,633,,,1
@JoelVoordewind,@SalimaBelhaj,Directed,634,,,3
@JoelVoordewind,@SvenKoopmansVVD,Directed,635,,,2
@JoelVoordewind,@TjeerdD66,Directed,636,,,1
@JoelVoordewind,@achrafboualiD66,Directed,637,,,1
@JoelVoordewind,@bentebecker,Directed,638,,,3
@JoelVoordewind,@carladikfaber,Directed,639,,,2
@JoelVoordewind,@eppobruins,Directed,640,,,3
@JoelVoordewind,@gertjansegers,Directed,641,,,10
@JoelVoordewind,@keesvdstaaij,Directed,642,,,5
@JoelVoordewind,@kirstenvdhul,Directed,643,,,2
@JoelVoordewind,@michelrog,Directed,644,,,1
@JoelVoordewind,@piadijkstra,Directed,645,,,1
@JoelVoordewind,@r_deroonpvv,Directed,646,,,1
@JoelVoordewind,@suzanne_GL,Directed,647,,,1
@JoelVoordewind,@swsjoerdsma,Directed,648,,,7
@JohnKerstens,@JohnKerstens,Directed,649,,,3
@JohnKerstens,@PaulSmeulders,Directed,650,,,1
@KarenGerbrands1,@EmielVanDijkPVV,Directed,651,,,1
@KarenGerbrands1,@FleurAgemaPVV,Directed,652,,,2
@KarenGerbrands1,@GraafdeMachiel,Directed,653,,,2
@KarenGerbrands1,@KarenGerbrands1,Directed,654,,,4
@KarenGerbrands1,@RidderDionGraus,Directed,655,,,1
@KarenGerbrands1,@geertwilderspvv,Directed,656,,,17
@KarenGerbrands1,@r_deroonpvv,Directed,657,,,4
@KarenGerbrands1,@rvanaalst,Directed,658,,,1
@Kathalijne,@BramvanOjikGL,Directed,659,,,2
@Kathalijne,@CorinneEllemeet,Directed,660,,,2
@Kathalijne,@KeesVee,Directed,661,,,6
@Kathalijne,@LauraBromet,Directed,662,,,1
@Kathalijne,@Lisawesterveld,Directed,663,,,1
@Kathalijne,@MichielvNispen,Directed,664,,,3
@Kathalijne,@NevinOzutok,Directed,665,,,4
@Kathalijne,@SvenKoopmansVVD,Directed,666,,,1
@Kathalijne,@THiddema,Directed,667,,,1
@Kathalijne,@Vera_Bergkamp,Directed,668,,,1
@Kathalijne,@ZihniOzdil,Directed,669,,,8
@Kathalijne,@danielkoerhuis,Directed,670,,,1
@Kathalijne,@gertjansegers,Directed,671,,,3
@Kathalijne,@harmbeertema,Directed,672,,,1
@Kathalijne,@jesseklaver,Directed,673,,,2
@Kathalijne,@keesvdstaaij,Directed,674,,,1
@Kathalijne,@kirstenvdhul,Directed,675,,,1
@Kathalijne,@suzanne_GL,Directed,676,,,1
@KeesVee,@APechtold,Directed,677,,,3
@KeesVee,@AntjeDiertens,Directed,678,,,1
@KeesVee,@KeesVee,Directed,679,,,13
@KeesVee,@LodewijkA,Directed,680,,,1
@KeesVee,@Paul_van_Meenen,Directed,681,,,1
@KeesVee,@RobJetten,Directed,682,,,2
@KeesVee,@TjeerdD66,Directed,683,,,1
@KeesVee,@arnorutte,Directed,684,,,1
@KeesVee,@geertwilderspvv,Directed,685,,,1
@KeesVee,@monicadenboer,Directed,686,,,1
@KeesVee,@svanweyenberg,Directed,687,,,1
@KeesVee,@swsjoerdsma,Directed,688,,,1
@KopsPVV,@FleurAgemaPVV,Directed,689,,,2
@KopsPVV,@GidiMarkuszower,Directed,690,,,2
@KopsPVV,@GraafdeMachiel,Directed,691,,,4
@KopsPVV,@KopsPVV,Directed,692,,,13
@KopsPVV,@geertwilderspvv,Directed,693,,,149
@KopsPVV,@leondejong,Directed,694,,,4
@LammertvanRaan,@CemLacin,Directed,695,,,6
@LammertvanRaan,@CvanBrenk,Directed,696,,,1
@LammertvanRaan,@LammertvanRaan,Directed,697,,,2
@LammertvanRaan,@Lisawesterveld,Directed,698,,,4
@LammertvanRaan,@PaulSmeulders,Directed,699,,,1
@LammertvanRaan,@RidderDionGraus,Directed,700,,,1
@LammertvanRaan,@WassenbergFrank,Directed,701,,,1
@LammertvanRaan,@eppobruins,Directed,702,,,5
@LammertvanRaan,@estherouwehand,Directed,703,,,1
@LammertvanRaan,@harmbeertema,Directed,704,,,4
@LammertvanRaan,@jpaternotte,Directed,705,,,4
@LammertvanRaan,@mariannethieme,Directed,706,,,6
@LammertvanRaan,@peterkwint,Directed,707,,,4
@LammertvanRaan,@remcovvd,Directed,708,,,9
@LammertvanRaan,@suzanne_GL,Directed,709,,,8
@LauraBromet,@LauraBromet,Directed,710,,,1
@LauraBromet,@PaulSmeulders,Directed,711,,,2
@LauraBromet,@TomvanderLee,Directed,712,,,7
@LauraBromet,@khadijaArib,Directed,713,,,2
@LauraBromet,@suzanne_GL,Directed,714,,,1
@LeonieSazias,@CorinneEllemeet,Directed,715,,,1
@LeonieSazias,@CvanBrenk,Directed,716,,,13
@LeonieSazias,@DilanYesilgoz,Directed,717,,,2
@LeonieSazias,@HenkKrol,Directed,718,,,18
@LeonieSazias,@KopsPVV,Directed,719,,,1
@LeonieSazias,@LeonieSazias,Directed,720,,,33
@LeonieSazias,@Lisawesterveld,Directed,721,,,1
@LeonieSazias,@LodewijkA,Directed,722,,,1
@LeonieSazias,@MarijnissenL,Directed,723,,,1
@LeonieSazias,@NevinOzutok,Directed,724,,,1
@LeonieSazias,@RobJetten,Directed,725,,,1
@LeonieSazias,@SandraBeckerman,Directed,726,,,1
@LeonieSazias,@TomvanderLee,Directed,727,,,2
@LeonieSazias,@Vera_Bergkamp,Directed,728,,,2
@LeonieSazias,@ZihniOzdil,Directed,729,,,1
@LeonieSazias,@kirstenvdhul,Directed,730,,,2
@LeonieSazias,@piadijkstra,Directed,731,,,1
@Lisawesterveld,@BisschopRoelof,Directed,732,,,1
@Lisawesterveld,@BramvanOjikGL,Directed,733,,,1
@Lisawesterveld,@CorinneEllemeet,Directed,734,,,1
@Lisawesterveld,@Lisawesterveld,Directed,735,,,29
@Lisawesterveld,@MaartenHijink,Directed,736,,,2
@Lisawesterveld,@Paul_van_Meenen,Directed,737,,,4
@Lisawesterveld,@RenePetersOss,Directed,738,,,1
@Lisawesterveld,@ZihniOzdil,Directed,739,,,3
@Lisawesterveld,@attjekuiken,Directed,740,,,1
@Lisawesterveld,@eppobruins,Directed,741,,,1
@Lisawesterveld,@jesseklaver,Directed,742,,,8
@Lisawesterveld,@kirstenvdhul,Directed,743,,,3
@Lisawesterveld,@michelrog,Directed,744,,,2
@Lisawesterveld,@peterkwint,Directed,745,,,23
@Lisawesterveld,@rudmer,Directed,746,,,1
@LodewijkA,@CorinneEllemeet,Directed,747,,,2
@LodewijkA,@DilanYesilgoz,Directed,748,,,1
@LodewijkA,@LodewijkA,Directed,749,,,10
@LodewijkA,@SandraBeckerman,Directed,750,,,1
@LodewijkA,@Vera_Bergkamp,Directed,751,,,2
@LodewijkA,@attjekuiken,Directed,752,,,1
@LodewijkA,@bentebecker,Directed,753,,,1
@LodewijkA,@dijkvangijs,Directed,754,,,3
@LodewijkA,@eppobruins,Directed,755,,,1
@LodewijkA,@henknijboer,Directed,756,,,5
@LodewijkA,@jesseklaver,Directed,757,,,2
@LodewijkA,@keesvdstaaij,Directed,758,,,1
@LodewijkA,@khadijaArib,Directed,759,,,3
@LodewijkA,@peterkwint,Directed,760,,,2
@LodewijkA,@thierrybaudet,Directed,761,,,1
@LodewijkA,@wmoorlag,Directed,762,,,1
@MaartenHijink,@CorinneEllemeet,Directed,763,,,1
@MaartenHijink,@HenkvGerven,Directed,764,,,9
@MaartenHijink,@Lisawesterveld,Directed,765,,,1
@MaartenHijink,@MaartenHijink,Directed,766,,,13
@MaartenHijink,@MahirAlkaya,Directed,767,,,1
@MaartenHijink,@MarijnissenL,Directed,768,,,17
@MaartenHijink,@RenskeLeijten,Directed,769,,,6
@MaartenHijink,@SandraBeckerman,Directed,770,,,4
@MaartenHijink,@bartvankent,Directed,771,,,2
@MaartenHijink,@peterkwint,Directed,772,,,2
@MahirAlkaya,@AnneKuik,Directed,773,,,1
@MahirAlkaya,@AntoonKanis,Directed,774,,,1
@MahirAlkaya,@CemLacin,Directed,775,,,1
@MahirAlkaya,@IsabelleDiks,Directed,776,,,3
@MahirAlkaya,@JaspervanDijkSP,Directed,777,,,2
@MahirAlkaya,@JoelVoordewind,Directed,778,,,1
@MahirAlkaya,@LeonieSazias,Directed,779,,,1
@MahirAlkaya,@MaartenHijink,Directed,780,,,1
@MahirAlkaya,@MahirAlkaya,Directed,781,,,18
@MahirAlkaya,@MarijnissenL,Directed,782,,,18
@MahirAlkaya,@MustafaAmhaouch,Directed,783,,,2
@MahirAlkaya,@RenskeLeijten,Directed,784,,,8
@MahirAlkaya,@SadetKarabulut,Directed,785,,,1
@MahirAlkaya,@SandraBeckerman,Directed,786,,,4
@MahirAlkaya,@achrafboualiD66,Directed,787,,,1
@MahirAlkaya,@bartvankent,Directed,788,,,6
@MahirAlkaya,@bentebecker,Directed,789,,,1
@MahirAlkaya,@eppobruins,Directed,790,,,1
@MahirAlkaya,@henknijboer,Directed,791,,,1
@MahirAlkaya,@kirstenvdhul,Directed,792,,,1
@MahirAlkaya,@peterkwint,Directed,793,,,1
@MalikAzmani,@DennisWiersma,Directed,794,,,2
@MalikAzmani,@DilanYesilgoz,Directed,795,,,5
@MalikAzmani,@HanTenBroeke,Directed,796,,,3
@MalikAzmani,@HelmaLodders,Directed,797,,,1
@MalikAzmani,@JeanineHennis,Directed,798,,,1
@MalikAzmani,@MalikAzmani,Directed,799,,,31
@MalikAzmani,@PieterOmtzigt,Directed,800,,,1
@MalikAzmani,@RenskeLeijten,Directed,801,,,1
@MalikAzmani,@THiddema,Directed,802,,,1
@MalikAzmani,@a_mulder,Directed,803,,,3
@MalikAzmani,@arnorutte,Directed,804,,,2
@MalikAzmani,@aukjedevries,Directed,805,,,1
@MalikAzmani,@bentebecker,Directed,806,,,10
@MalikAzmani,@bvantwout,Directed,807,,,1
@MalikAzmani,@danielkoerhuis,Directed,808,,,2
@MalikAzmani,@dijkhoff,Directed,809,,,3
@MalikAzmani,@edgarmulder1,Directed,810,,,1
@MalikAzmani,@foortvanoosten,Directed,811,,,1
@MalikAzmani,@khadijaArib,Directed,812,,,2
@MalikAzmani,@mvonmartels,Directed,813,,,8
@MalikAzmani,@ockjetellegen,Directed,814,,,3
@MalikAzmani,@remcovvd,Directed,815,,,12
@MalikAzmani,@rvanaalst,Directed,816,,,1
@MalikAzmani,@thierrybaudet,Directed,817,,,2
@MarijnissenL,@LodewijkA,Directed,818,,,1
@MarijnissenL,@MaartenHijink,Directed,819,,,1
@MarijnissenL,@MarijnissenL,Directed,820,,,14
@MarijnissenL,@RenskeLeijten,Directed,821,,,1
@MarijnissenL,@SadetKarabulut,Directed,822,,,2
@MarijnissenL,@SandraBeckerman,Directed,823,,,3
@MarijnissenL,@bartvankent,Directed,824,,,1
@MarijnissenL,@dijkhoff,Directed,825,,,1
@MarijnissenL,@sybrandbuma,Directed,826,,,1
@Martijncda,@HanTenBroeke,Directed,827,,,4
@Martijncda,@HankeBruinsSlot,Directed,828,,,1
@Martijncda,@JacoGeurts,Directed,829,,,1
@Martijncda,@Jan_Middendorp,Directed,830,,,2
@Martijncda,@Martijncda,Directed,831,,,5
@Martijncda,@MustafaAmhaouch,Directed,832,,,1
@Martijncda,@PieterOmtzigt,Directed,833,,,6
@Martijncda,@RenePetersOss,Directed,834,,,1
@Martijncda,@StienekevdGraaf,Directed,835,,,1
@Martijncda,@harryvdmolen,Directed,836,,,3
@Martijncda,@keesvdstaaij,Directed,837,,,1
@Martijncda,@michelrog,Directed,838,,,4
@Martijncda,@mvonmartels,Directed,839,,,1
@Martinbosma_PVV,@FleurAgemaPVV,Directed,840,,,1
@Martinbosma_PVV,@GraafdeMachiel,Directed,841,,,1
@Martinbosma_PVV,@edgarmulder1,Directed,842,,,1
@Martinbosma_PVV,@geertwilderspvv,Directed,843,,,7
@Martinbosma_PVV,@harmbeertema,Directed,844,,,3
@Martinbosma_PVV,@leondejong,Directed,845,,,2
@Martinbosma_PVV,@lilianhelderpvv,Directed,846,,,2
@Martinbosma_PVV,@thierrybaudet,Directed,847,,,1
@MatthijsSienot,@APechtold,Directed,848,,,5
@MatthijsSienot,@AntjeDiertens,Directed,849,,,1
@MatthijsSienot,@DilanYesilgoz,Directed,850,,,1
@MatthijsSienot,@KeesVee,Directed,851,,,2
@MatthijsSienot,@MatthijsSienot,Directed,852,,,7
@MatthijsSienot,@Paul_van_Meenen,Directed,853,,,4
@MatthijsSienot,@RobJetten,Directed,854,,,16
@MatthijsSienot,@SalimaBelhaj,Directed,855,,,1
@MatthijsSienot,@StienekevdGraaf,Directed,856,,,2
@MatthijsSienot,@TjeerdD66,Directed,857,,,2
@MatthijsSienot,@Vera_Bergkamp,Directed,858,,,2
@MatthijsSienot,@carladikfaber,Directed,859,,,2
@MatthijsSienot,@dijkhoff,Directed,860,,,1
@MatthijsSienot,@jpaternotte,Directed,861,,,4
@MatthijsSienot,@monicadenboer,Directed,862,,,1
@MatthijsSienot,@mvonmartels,Directed,863,,,6
@MatthijsSienot,@remcovvd,Directed,864,,,8
@MatthijsSienot,@rvanaalst,Directed,865,,,1
@MatthijsSienot,@suzanne_GL,Directed,866,,,1
@MatthijsSienot,@svanweyenberg,Directed,867,,,2
@MatthijsSienot,@swsjoerdsma,Directed,868,,,1
@MustafaAmhaouch,@CemLacin,Directed,869,,,1
@MustafaAmhaouch,@ErikRonnes,Directed,870,,,5
@MustafaAmhaouch,@HankeBruinsSlot,Directed,871,,,1
@MustafaAmhaouch,@HaykeVeldman,Directed,872,,,1
@MustafaAmhaouch,@JacoGeurts,Directed,873,,,1
@MustafaAmhaouch,@JobaCDA,Directed,874,,,1
@MustafaAmhaouch,@KopsPVV,Directed,875,,,1
@MustafaAmhaouch,@MalikAzmani,Directed,876,,,1
@MustafaAmhaouch,@Martijncda,Directed,877,,,1
@MustafaAmhaouch,@MatthijsSienot,Directed,878,,,1
@MustafaAmhaouch,@MustafaAmhaouch,Directed,879,,,16
@MustafaAmhaouch,@PieterOmtzigt,Directed,880,,,2
@MustafaAmhaouch,@RidderDionGraus,Directed,881,,,2
@MustafaAmhaouch,@a_mulder,Directed,882,,,1
@MustafaAmhaouch,@dijkvangijs,Directed,883,,,2
@MustafaAmhaouch,@geertwilderspvv,Directed,884,,,1
@MustafaAmhaouch,@harryvdmolen,Directed,885,,,2
@MustafaAmhaouch,@jpaternotte,Directed,886,,,1
@MustafaAmhaouch,@michelrog,Directed,887,,,5
@MustafaAmhaouch,@mvonmartels,Directed,888,,,4
@MustafaAmhaouch,@remcovvd,Directed,889,,,1
@MustafaAmhaouch,@suzanne_GL,Directed,890,,,3
@MustafaAmhaouch,@sybrandbuma,Directed,891,,,3
@MvanToorenburg,@AnneKuik,Directed,892,,,1
@MvanToorenburg,@JacoGeurts,Directed,893,,,1
@MvanToorenburg,@Martijncda,Directed,894,,,1
@MvanToorenburg,@MvanToorenburg,Directed,895,,,11
@MvanToorenburg,@Paul_van_Meenen,Directed,896,,,1
@MvanToorenburg,@PieterOmtzigt,Directed,897,,,2
@MvanToorenburg,@RenePetersOss,Directed,898,,,1
@MvanToorenburg,@harryvdmolen,Directed,899,,,1
@MvanToorenburg,@michelrog,Directed,900,,,1
@MvanToorenburg,@sybrandbuma,Directed,901,,,4
@NevinOzutok,@BramvanOjikGL,Directed,902,,,7
@NevinOzutok,@IsabelleDiks,Directed,903,,,2
@NevinOzutok,@JaspervanDijkSP,Directed,904,,,1
@NevinOzutok,@Lisawesterveld,Directed,905,,,1
@NevinOzutok,@NevinOzutok,Directed,906,,,25
@NevinOzutok,@TomvanderLee,Directed,907,,,1
@NevinOzutok,@Vera_Bergkamp,Directed,908,,,17
@NevinOzutok,@ZihniOzdil,Directed,909,,,3
@NevinOzutok,@estherouwehand,Directed,910,,,1
@NevinOzutok,@jesseklaver,Directed,911,,,7
@NevinOzutok,@khadijaArib,Directed,912,,,1
@NevinOzutok,@kirstenvdhul,Directed,913,,,18
@NevinOzutok,@mariannethieme,Directed,914,,,1
@NevinOzutok,@peterkwint,Directed,915,,,1
@NevinOzutok,@piadijkstra,Directed,916,,,1
@PaulSmeulders,@FrankFutselaar,Directed,917,,,1
@PaulSmeulders,@JohnKerstens,Directed,918,,,2
@PaulSmeulders,@LauraBromet,Directed,919,,,2
@PaulSmeulders,@Lisawesterveld,Directed,920,,,2
@PaulSmeulders,@NevinOzutok,Directed,921,,,1
@PaulSmeulders,@PaulSmeulders,Directed,922,,,10
@PaulSmeulders,@TomvanderLee,Directed,923,,,3
@PaulSmeulders,@bartsnels,Directed,924,,,1
@PaulSmeulders,@bartvankent,Directed,925,,,1
@PaulSmeulders,@dijkvangijs,Directed,926,,,1
@PaulSmeulders,@jesseklaver,Directed,927,,,6
@PaulSmeulders,@peterkwint,Directed,928,,,1
@PaulSmeulders,@suzanne_GL,Directed,929,,,3
@PaulSmeulders,@wmoorlag,Directed,930,,,1
@Paul_van_Meenen,@APechtold,Directed,931,,,5
@Paul_van_Meenen,@ErikRonnes,Directed,932,,,1
@Paul_van_Meenen,@JessicaVanEijs,Directed,933,,,1
@Paul_van_Meenen,@KeesVee,Directed,934,,,2
@Paul_van_Meenen,@Paul_van_Meenen,Directed,935,,,17
@Paul_van_Meenen,@RenePetersOss,Directed,936,,,1
@Paul_van_Meenen,@RobJetten,Directed,937,,,4
@Paul_van_Meenen,@SalimaBelhaj,Directed,938,,,1
@Paul_van_Meenen,@TjeerdD66,Directed,939,,,1
@Paul_van_Meenen,@Vera_Bergkamp,Directed,940,,,1
@Paul_van_Meenen,@geertwilderspvv,Directed,941,,,1
@Paul_van_Meenen,@gertjansegers,Directed,942,,,1
@Paul_van_Meenen,@jpaternotte,Directed,943,,,3
@Paul_van_Meenen,@michelrog,Directed,944,,,4
@Paul_van_Meenen,@peterkwint,Directed,945,,,2
@Paul_van_Meenen,@piadijkstra,Directed,946,,,2
@Paul_van_Meenen,@svanweyenberg,Directed,947,,,3
@Paul_van_Meenen,@swsjoerdsma,Directed,948,,,1
@Paul_van_Meenen,@thierrybaudet,Directed,949,,,1
@PieterHeerma,@DennisWiersma,Directed,950,,,3
@PieterHeerma,@EvertJanSlootwe,Directed,951,,,1
@PieterHeerma,@JobaCDA,Directed,952,,,2
@PieterHeerma,@MustafaAmhaouch,Directed,953,,,1
@PieterHeerma,@MvanToorenburg,Directed,954,,,1
@PieterHeerma,@PieterHeerma,Directed,955,,,13
@PieterHeerma,@PieterOmtzigt,Directed,956,,,4
@PieterHeerma,@RenePetersOss,Directed,957,,,2
@PieterHeerma,@dijkvangijs,Directed,958,,,1
@PieterHeerma,@eppobruins,Directed,959,,,2
@PieterHeerma,@gertjansegers,Directed,960,,,3
@PieterHeerma,@harryvdmolen,Directed,961,,,3
@PieterHeerma,@mvonmartels,Directed,962,,,1
@PieterHeerma,@svanweyenberg,Directed,963,,,6
@PieterHeerma,@sybrandbuma,Directed,964,,,18
@PieterOmtzigt,@HelmaLodders,Directed,965,,,11
@PieterOmtzigt,@JobaCDA,Directed,966,,,1
@PieterOmtzigt,@Martijncda,Directed,967,,,10
@PieterOmtzigt,@PaulSmeulders,Directed,968,,,1
@PieterOmtzigt,@PieterOmtzigt,Directed,969,,,34
@PieterOmtzigt,@RenskeLeijten,Directed,970,,,8
@PieterOmtzigt,@ZihniOzdil,Directed,971,,,1
@PieterOmtzigt,@eppobruins,Directed,972,,,9
@PieterOmtzigt,@harryvdmolen,Directed,973,,,3
@PieterOmtzigt,@michelrog,Directed,974,,,6
@PieterOmtzigt,@svanweyenberg,Directed,975,,,9
@RenePetersOss,@CvanBrenk,Directed,976,,,3
@RenePetersOss,@DilanYesilgoz,Directed,977,,,1
@RenePetersOss,@ErikRonnes,Directed,978,,,3
@RenePetersOss,@EvertJanSlootwe,Directed,979,,,2
@RenePetersOss,@JTielenVVD,Directed,980,,,1
@RenePetersOss,@JaspervanDijkSP,Directed,981,,,5
@RenePetersOss,@JoelVoordewind,Directed,982,,,4
@RenePetersOss,@RenePetersOss,Directed,983,,,15
@RenePetersOss,@dijkhoff,Directed,984,,,1
@RenePetersOss,@dijkvangijs,Directed,985,,,2
@RenePetersOss,@eppobruins,Directed,986,,,4
@RenePetersOss,@harryvdmolen,Directed,987,,,1
@RenePetersOss,@michelrog,Directed,988,,,3
@RenePetersOss,@sybrandbuma,Directed,989,,,1
@RenskeLeijten,@BramvanOjikGL,Directed,990,,,3
@RenskeLeijten,@EvertJanSlootwe,Directed,991,,,1
@RenskeLeijten,@FrankFutselaar,Directed,992,,,2
@RenskeLeijten,@HelmaLodders,Directed,993,,,9
@RenskeLeijten,@HenkvGerven,Directed,994,,,1
@RenskeLeijten,@JaspervanDijkSP,Directed,995,,,21
@RenskeLeijten,@JoelVoordewind,Directed,996,,,1
@RenskeLeijten,@LammertvanRaan,Directed,997,,,2
@RenskeLeijten,@LodewijkA,Directed,998,,,1
@RenskeLeijten,@MaartenHijink,Directed,999,,,2
@RenskeLeijten,@MahirAlkaya,Directed,1000,,,2
@RenskeLeijten,@MarijnissenL,Directed,1001,,,14
@RenskeLeijten,@MichielvNispen,Directed,1002,,,3
@RenskeLeijten,@PieterOmtzigt,Directed,1003,,,12
@RenskeLeijten,@RenskeLeijten,Directed,1004,,,3
@RenskeLeijten,@SadetKarabulut,Directed,1005,,,4
@RenskeLeijten,@SandraBeckerman,Directed,1006,,,16
@RenskeLeijten,@bartvankent,Directed,1007,,,1
@RenskeLeijten,@dijkhoff,Directed,1008,,,1
@RenskeLeijten,@dijkvangijs,Directed,1009,,,1
@RenskeLeijten,@eppobruins,Directed,1010,,,9
@RenskeLeijten,@gertjansegers,Directed,1011,,,1
@RenskeLeijten,@henknijboer,Directed,1012,,,1
@RenskeLeijten,@mariannethieme,Directed,1013,,,6
@RenskeLeijten,@peterkwint,Directed,1014,,,15
@RenskeLeijten,@svanweyenberg,Directed,1015,,,12
@RenskeLeijten,@swsjoerdsma,Directed,1016,,,1
@RenskeLeijten,@thierrybaudet,Directed,1017,,,2
@RidderDionGraus,@CemLacin,Directed,1018,,,1
@RidderDionGraus,@CvanBrenk,Directed,1019,,,1
@RidderDionGraus,@FrankFutselaar,Directed,1020,,,2
@RidderDionGraus,@GraafdeMachiel,Directed,1021,,,1
@RidderDionGraus,@HelmaLodders,Directed,1022,,,2
@RidderDionGraus,@LammertvanRaan,Directed,1023,,,1
@RidderDionGraus,@MustafaAmhaouch,Directed,1024,,,1
@RidderDionGraus,@RidderDionGraus,Directed,1025,,,29
@RidderDionGraus,@TjeerdD66,Directed,1026,,,1
@RidderDionGraus,@dijkvangijs,Directed,1027,,,1
@RidderDionGraus,@estherouwehand,Directed,1028,,,1
@RidderDionGraus,@geertwilderspvv,Directed,1029,,,3
@RidderDionGraus,@harmbeertema,Directed,1030,,,3
@RidderDionGraus,@jpaternotte,Directed,1031,,,6
@RidderDionGraus,@khadijaArib,Directed,1032,,,1
@RidderDionGraus,@leondejong,Directed,1033,,,1
@RidderDionGraus,@mariannethieme,Directed,1034,,,1
@RidderDionGraus,@r_deroonpvv,Directed,1035,,,1
@RidderDionGraus,@remcovvd,Directed,1036,,,7
@RidderDionGraus,@rvanaalst,Directed,1037,,,1
@RidderDionGraus,@suzanne_GL,Directed,1038,,,1
@RoaldLinde,@Antoinettelaan,Directed,1039,,,2
@RoaldLinde,@AvandenBoschVVD,Directed,1040,,,2
@RoaldLinde,@BisschopRoelof,Directed,1041,,,1
@RoaldLinde,@DennisWiersma,Directed,1042,,,2
@RoaldLinde,@DilanYesilgoz,Directed,1043,,,1
@RoaldLinde,@ErikRonnes,Directed,1044,,,1
@RoaldLinde,@HanTenBroeke,Directed,1045,,,3
@RoaldLinde,@HelmaLodders,Directed,1046,,,3
@RoaldLinde,@MalikAzmani,Directed,1047,,,2
@RoaldLinde,@PaulSmeulders,Directed,1048,,,1
@RoaldLinde,@PieterHeerma,Directed,1049,,,1
@RoaldLinde,@RoaldLinde,Directed,1050,,,15
@RoaldLinde,@THiddema,Directed,1051,,,1
@RoaldLinde,@a_mulder,Directed,1052,,,2
@RoaldLinde,@arnorutte,Directed,1053,,,3
@RoaldLinde,@bartsnels,Directed,1054,,,3
@RoaldLinde,@bentebecker,Directed,1055,,,3
@RoaldLinde,@bvantwout,Directed,1056,,,3
@RoaldLinde,@danielkoerhuis,Directed,1057,,,1
@RoaldLinde,@dijkhoff,Directed,1058,,,3
@RoaldLinde,@foortvanoosten,Directed,1059,,,1
@RoaldLinde,@henknijboer,Directed,1060,,,3
@RoaldLinde,@jesseklaver,Directed,1061,,,1
@RoaldLinde,@jpaternotte,Directed,1062,,,1
@RoaldLinde,@keesvdstaaij,Directed,1063,,,1
@RoaldLinde,@rudmer,Directed,1064,,,1
@RoaldLinde,@svanweyenberg,Directed,1065,,,1
@RoaldLinde,@thierrybaudet,Directed,1066,,,2
@RobJetten,@APechtold,Directed,1067,,,9
@RobJetten,@AgnesMulderCDA,Directed,1068,,,2
@RobJetten,@AntjeDiertens,Directed,1069,,,3
@RobJetten,@CvanBrenk,Directed,1070,,,1
@RobJetten,@DilanYesilgoz,Directed,1071,,,2
@RobJetten,@GroothuizenD66,Directed,1072,,,4
@RobJetten,@JessicaVanEijs,Directed,1073,,,1
@RobJetten,@KeesVee,Directed,1074,,,1
@RobJetten,@LodewijkA,Directed,1075,,,3
@RobJetten,@MatthijsSienot,Directed,1076,,,3
@RobJetten,@NevinOzutok,Directed,1077,,,1
@RobJetten,@Paul_van_Meenen,Directed,1078,,,5
@RobJetten,@RobJetten,Directed,1079,,,13
@RobJetten,@SalimaBelhaj,Directed,1080,,,1
@RobJetten,@SandraBeckerman,Directed,1081,,,3
@RobJetten,@TjeerdD66,Directed,1082,,,3
@RobJetten,@TomvanderLee,Directed,1083,,,2
@RobJetten,@Vera_Bergkamp,Directed,1084,,,3
@RobJetten,@carladikfaber,Directed,1085,,,1
@RobJetten,@danielkoerhuis,Directed,1086,,,1
@RobJetten,@gertjansegers,Directed,1087,,,2
@RobJetten,@jesseklaver,Directed,1088,,,2
@RobJetten,@jpaternotte,Directed,1089,,,7
@RobJetten,@kirstenvdhul,Directed,1090,,,1
@RobJetten,@remcovvd,Directed,1091,,,1
@RobJetten,@svanweyenberg,Directed,1092,,,1
@RobJetten,@swsjoerdsma,Directed,1093,,,1
@SadetKarabulut,@BramvanOjikGL,Directed,1094,,,2
@SadetKarabulut,@JaspervanDijkSP,Directed,1095,,,5
@SadetKarabulut,@JoelVoordewind,Directed,1096,,,1
@SadetKarabulut,@MarijnissenL,Directed,1097,,,1
@SadetKarabulut,@MichielvNispen,Directed,1098,,,2
@SadetKarabulut,@RenskeLeijten,Directed,1099,,,3
@SadetKarabulut,@SadetKarabulut,Directed,1100,,,12
@SadetKarabulut,@SandraBeckerman,Directed,1101,,,1
@SalimaBelhaj,@APechtold,Directed,1102,,,10
@SalimaBelhaj,@AgnesMulderCDA,Directed,1103,,,1
@SalimaBelhaj,@AnneKuik,Directed,1104,,,1
@SalimaBelhaj,@AntjeDiertens,Directed,1105,,,1
@SalimaBelhaj,@DilanYesilgoz,Directed,1106,,,2
@SalimaBelhaj,@GroothuizenD66,Directed,1107,,,1
@SalimaBelhaj,@HanTenBroeke,Directed,1108,,,1
@SalimaBelhaj,@JoelVoordewind,Directed,1109,,,1
@SalimaBelhaj,@KeesVee,Directed,1110,,,3
@SalimaBelhaj,@MalikAzmani,Directed,1111,,,1
@SalimaBelhaj,@MatthijsSienot,Directed,1112,,,1
@SalimaBelhaj,@Paul_van_Meenen,Directed,1113,,,2
@SalimaBelhaj,@RenePetersOss,Directed,1114,,,1
@SalimaBelhaj,@RobJetten,Directed,1115,,,3
@SalimaBelhaj,@SalimaBelhaj,Directed,1116,,,15
@SalimaBelhaj,@TjeerdD66,Directed,1117,,,1
@SalimaBelhaj,@andrebosman,Directed,1118,,,1
@SalimaBelhaj,@carladikfaber,Directed,1119,,,1
@SalimaBelhaj,@dijkhoff,Directed,1120,,,1
@SalimaBelhaj,@khadijaArib,Directed,1121,,,1
@SalimaBelhaj,@kirstenvdhul,Directed,1122,,,1
@SalimaBelhaj,@piadijkstra,Directed,1123,,,6
@SalimaBelhaj,@svanweyenberg,Directed,1124,,,3
@SalimaBelhaj,@swsjoerdsma,Directed,1125,,,3
@SandraBeckerman,@DilanYesilgoz,Directed,1126,,,1
@SandraBeckerman,@MarijnissenL,Directed,1127,,,10
@SandraBeckerman,@RenskeLeijten,Directed,1128,,,1
@SandraBeckerman,@SandraBeckerman,Directed,1129,,,4
@SandraBeckerman,@TomvanderLee,Directed,1130,,,1
@SandraBeckerman,@WassenbergFrank,Directed,1131,,,1
@SandraBeckerman,@henknijboer,Directed,1132,,,8
@SandraBeckerman,@peterkwint,Directed,1133,,,1
@StienekevdGraaf,@AnneKuik,Directed,1134,,,2
@StienekevdGraaf,@BramvanOjikGL,Directed,1135,,,1
@StienekevdGraaf,@JessicaVanEijs,Directed,1136,,,1
@StienekevdGraaf,@MatthijsSienot,Directed,1137,,,1
@StienekevdGraaf,@MichielvNispen,Directed,1138,,,1
@StienekevdGraaf,@MvanToorenburg,Directed,1139,,,1
@StienekevdGraaf,@PieterOmtzigt,Directed,1140,,,1
@StienekevdGraaf,@RobJetten,Directed,1141,,,3
@StienekevdGraaf,@StienekevdGraaf,Directed,1142,,,47
@StienekevdGraaf,@WassenbergFrank,Directed,1143,,,1
@StienekevdGraaf,@carladikfaber,Directed,1144,,,11
@StienekevdGraaf,@eppobruins,Directed,1145,,,5
@StienekevdGraaf,@foortvanoosten,Directed,1146,,,1
@StienekevdGraaf,@gertjansegers,Directed,1147,,,7
@StienekevdGraaf,@harryvdmolen,Directed,1148,,,4
@StienekevdGraaf,@keesvdstaaij,Directed,1149,,,1
@StienekevdGraaf,@mvonmartels,Directed,1150,,,1
@SvenKoopmansVVD,@AgnesMulderCDA,Directed,1151,,,1
@SvenKoopmansVVD,@Antoinettelaan,Directed,1152,,,1
@SvenKoopmansVVD,@ArneWeverling,Directed,1153,,,2
@SvenKoopmansVVD,@DilanYesilgoz,Directed,1154,,,4
@SvenKoopmansVVD,@HanTenBroeke,Directed,1155,,,6
@SvenKoopmansVVD,@HaykeVeldman,Directed,1156,,,1
@SvenKoopmansVVD,@Jan_Middendorp,Directed,1157,,,1
@SvenKoopmansVVD,@JoelVoordewind,Directed,1158,,,2
@SvenKoopmansVVD,@KeesVee,Directed,1159,,,8
@SvenKoopmansVVD,@LodewijkA,Directed,1160,,,1
@SvenKoopmansVVD,@MalikAzmani,Directed,1161,,,1
@SvenKoopmansVVD,@MichielvNispen,Directed,1162,,,3
@SvenKoopmansVVD,@MvanToorenburg,Directed,1163,,,1
@SvenKoopmansVVD,@SvenKoopmansVVD,Directed,1164,,,4
@SvenKoopmansVVD,@Worsdorfer,Directed,1165,,,2
@SvenKoopmansVVD,@andrebosman,Directed,1166,,,1
@SvenKoopmansVVD,@arnorutte,Directed,1167,,,3
@SvenKoopmansVVD,@attjekuiken,Directed,1168,,,3
@SvenKoopmansVVD,@bentebecker,Directed,1169,,,2
@SvenKoopmansVVD,@cnijkerken,Directed,1170,,,1
@SvenKoopmansVVD,@danielkoerhuis,Directed,1171,,,2
@SvenKoopmansVVD,@dijkhoff,Directed,1172,,,1
@SvenKoopmansVVD,@foortvanoosten,Directed,1173,,,2
@SvenKoopmansVVD,@gertjansegers,Directed,1174,,,1
@SvenKoopmansVVD,@keesvdstaaij,Directed,1175,,,3
@SvenKoopmansVVD,@kirstenvdhul,Directed,1176,,,1
@THiddema,@APechtold,Directed,1177,,,1
@THiddema,@THiddema,Directed,1178,,,20
@THiddema,@harryvdmolen,Directed,1179,,,1
@THiddema,@jesseklaver,Directed,1180,,,1
@THiddema,@khadijaArib,Directed,1181,,,1
@THiddema,@sybrandbuma,Directed,1182,,,3
@THiddema,@thierrybaudet,Directed,1183,,,64
@TjeerdD66,@APechtold,Directed,1184,,,3
@TjeerdD66,@AntjeDiertens,Directed,1185,,,4
@TjeerdD66,@ArneWeverling,Directed,1186,,,2
@TjeerdD66,@BisschopRoelof,Directed,1187,,,1
@TjeerdD66,@FrankFutselaar,Directed,1188,,,2
@TjeerdD66,@HelmaLodders,Directed,1189,,,1
@TjeerdD66,@HenkvGerven,Directed,1190,,,1
@TjeerdD66,@JacoGeurts,Directed,1191,,,1
@TjeerdD66,@JessicaVanEijs,Directed,1192,,,1
@TjeerdD66,@KeesVee,Directed,1193,,,1
@TjeerdD66,@LauraBromet,Directed,1194,,,1
@TjeerdD66,@MatthijsSienot,Directed,1195,,,3
@TjeerdD66,@RobJetten,Directed,1196,,,1
@TjeerdD66,@TjeerdD66,Directed,1197,,,60
@TjeerdD66,@carladikfaber,Directed,1198,,,1
@TjeerdD66,@estherouwehand,Directed,1199,,,5
@TjeerdD66,@wmoorlag,Directed,1200,,,1
@TomvanderLee,@BramvanOjikGL,Directed,1201,,,2
@TomvanderLee,@CorinneEllemeet,Directed,1202,,,1
@TomvanderLee,@IsabelleDiks,Directed,1203,,,1
@TomvanderLee,@LammertvanRaan,Directed,1204,,,1
@TomvanderLee,@SandraBeckerman,Directed,1205,,,1
@TomvanderLee,@TomvanderLee,Directed,1206,,,1
@TomvanderLee,@jesseklaver,Directed,1207,,,5
@TomvanderLee,@rudmer,Directed,1208,,,1
@TomvanderLee,@suzanne_GL,Directed,1209,,,2
@Vera_Bergkamp,@APechtold,Directed,1210,,,2
@Vera_Bergkamp,@Antoinettelaan,Directed,1211,,,1
@Vera_Bergkamp,@CorinneEllemeet,Directed,1212,,,1
@Vera_Bergkamp,@GroothuizenD66,Directed,1213,,,1
@Vera_Bergkamp,@LodewijkA,Directed,1214,,,4
@Vera_Bergkamp,@MichielvNispen,Directed,1215,,,2
@Vera_Bergkamp,@MvanToorenburg,Directed,1216,,,3
@Vera_Bergkamp,@NevinOzutok,Directed,1217,,,8
@Vera_Bergkamp,@Paul_van_Meenen,Directed,1218,,,3
@Vera_Bergkamp,@SalimaBelhaj,Directed,1219,,,1
@Vera_Bergkamp,@SvenKoopmansVVD,Directed,1220,,,2
@Vera_Bergkamp,@Vera_Bergkamp,Directed,1221,,,34
@Vera_Bergkamp,@foortvanoosten,Directed,1222,,,1
@Vera_Bergkamp,@kirstenvdhul,Directed,1223,,,10
@Vera_Bergkamp,@piadijkstra,Directed,1224,,,2
@Vera_Bergkamp,@svanweyenberg,Directed,1225,,,2
@Vera_Bergkamp,@swsjoerdsma,Directed,1226,,,1
@Vera_Bergkamp,@sybrandbuma,Directed,1227,,,3
@VickyMaeijer,@Danai_PVV,Directed,1228,,,3
@VickyMaeijer,@EmielVanDijkPVV,Directed,1229,,,3
@VickyMaeijer,@FleurAgemaPVV,Directed,1230,,,1
@VickyMaeijer,@GidiMarkuszower,Directed,1231,,,7
@VickyMaeijer,@GraafdeMachiel,Directed,1232,,,4
@VickyMaeijer,@LodewijkA,Directed,1233,,,1
@VickyMaeijer,@RidderDionGraus,Directed,1234,,,2
@VickyMaeijer,@VickyMaeijer,Directed,1235,,,2
@VickyMaeijer,@edgarmulder1,Directed,1236,,,2
@VickyMaeijer,@geertwilderspvv,Directed,1237,,,129
@VickyMaeijer,@leondejong,Directed,1238,,,9
@VickyMaeijer,@lilianhelderpvv,Directed,1239,,,4
@VickyMaeijer,@r_deroonpvv,Directed,1240,,,4
@VickyMaeijer,@rvanaalst,Directed,1241,,,1
@VickyMaeijer,@thierrybaudet,Directed,1242,,,1
@WassenbergFrank,@CemLacin,Directed,1243,,,1
@WassenbergFrank,@CvanBrenk,Directed,1244,,,1
@WassenbergFrank,@FemkeMerel,Directed,1245,,,5
@WassenbergFrank,@LammertvanRaan,Directed,1246,,,9
@WassenbergFrank,@RobJetten,Directed,1247,,,1
@WassenbergFrank,@SandraBeckerman,Directed,1248,,,3
@WassenbergFrank,@WassenbergFrank,Directed,1249,,,36
@WassenbergFrank,@carladikfaber,Directed,1250,,,1
@WassenbergFrank,@cnijkerken,Directed,1251,,,1
@WassenbergFrank,@estherouwehand,Directed,1252,,,10
@WassenbergFrank,@mariannethieme,Directed,1253,,,13
@WassenbergFrank,@suzanne_GL,Directed,1254,,,1
@Worsdorfer,@Antoinettelaan,Directed,1255,,,1
@Worsdorfer,@ArneWeverling,Directed,1256,,,3
@Worsdorfer,@DennisWiersma,Directed,1257,,,5
@Worsdorfer,@DilanYesilgoz,Directed,1258,,,3
@Worsdorfer,@HanTenBroeke,Directed,1259,,,1
@Worsdorfer,@HelmaLodders,Directed,1260,,,8
@Worsdorfer,@Jan_Middendorp,Directed,1261,,,4
@Worsdorfer,@JobaCDA,Directed,1262,,,1
@Worsdorfer,@PieterOmtzigt,Directed,1263,,,2
@Worsdorfer,@RidderDionGraus,Directed,1264,,,1
@Worsdorfer,@SvenKoopmansVVD,Directed,1265,,,5
@Worsdorfer,@Worsdorfer,Directed,1266,,,8
@Worsdorfer,@arnorutte,Directed,1267,,,3
@Worsdorfer,@aukjedevries,Directed,1268,,,1
@Worsdorfer,@bentebecker,Directed,1269,,,1
@Worsdorfer,@dijkhoff,Directed,1270,,,2
@Worsdorfer,@erikziengs,Directed,1271,,,1
@Worsdorfer,@foortvanoosten,Directed,1272,,,3
@Worsdorfer,@harryvdmolen,Directed,1273,,,2
@Worsdorfer,@jpaternotte,Directed,1274,,,1
@Worsdorfer,@remcovvd,Directed,1275,,,1
@ZelYassini,@AgnesMulderCDA,Directed,1276,,,1
@ZelYassini,@AnneKuik,Directed,1277,,,3
@ZelYassini,@AntjeDiertens,Directed,1278,,,2
@ZelYassini,@Antoinettelaan,Directed,1279,,,3
@ZelYassini,@ArneWeverling,Directed,1280,,,2
@ZelYassini,@BisschopRoelof,Directed,1281,,,1
@ZelYassini,@DennisWiersma,Directed,1282,,,10
@ZelYassini,@DilanYesilgoz,Directed,1283,,,6
@ZelYassini,@HanTenBroeke,Directed,1284,,,2
@ZelYassini,@HaykeVeldman,Directed,1285,,,1
@ZelYassini,@HelmaLodders,Directed,1286,,,1
@ZelYassini,@JTielenVVD,Directed,1287,,,1
@ZelYassini,@JobaCDA,Directed,1288,,,1
@ZelYassini,@Lisawesterveld,Directed,1289,,,1
@ZelYassini,@MalikAzmani,Directed,1290,,,1
@ZelYassini,@MvanToorenburg,Directed,1291,,,1
@ZelYassini,@Paul_van_Meenen,Directed,1292,,,2
@ZelYassini,@Sophie_Hermans,Directed,1293,,,3
@ZelYassini,@Worsdorfer,Directed,1294,,,2
@ZelYassini,@ZelYassini,Directed,1295,,,34
@ZelYassini,@arnorutte,Directed,1296,,,4
@ZelYassini,@bentebecker,Directed,1297,,,5
@ZelYassini,@bvantwout,Directed,1298,,,2
@ZelYassini,@cnijkerken,Directed,1299,,,1
@ZelYassini,@danielkoerhuis,Directed,1300,,,8
@ZelYassini,@dijkhoff,Directed,1301,,,1
@ZelYassini,@geertwilderspvv,Directed,1302,,,1
@ZelYassini,@keesvdstaaij,Directed,1303,,,1
@ZelYassini,@kirstenvdhul,Directed,1304,,,2
@ZelYassini,@peterkwint,Directed,1305,,,4
@ZelYassini,@rudmer,Directed,1306,,,5
@ZelYassini,@thierrybaudet,Directed,1307,,,1
@ZihniOzdil,@BramvanOjikGL,Directed,1308,,,3
@ZihniOzdil,@CorinneEllemeet,Directed,1309,,,1
@ZihniOzdil,@FemkeMerel,Directed,1310,,,1
@ZihniOzdil,@JTielenVVD,Directed,1311,,,1
@ZihniOzdil,@JaspervanDijkSP,Directed,1312,,,1
@ZihniOzdil,@Lisawesterveld,Directed,1313,,,7
@ZihniOzdil,@NevinOzutok,Directed,1314,,,3
@ZihniOzdil,@PaulSmeulders,Directed,1315,,,2
@ZihniOzdil,@PieterOmtzigt,Directed,1316,,,1
@ZihniOzdil,@TomvanderLee,Directed,1317,,,3
@ZihniOzdil,@ZihniOzdil,Directed,1318,,,22
@ZihniOzdil,@bartvankent,Directed,1319,,,1
@ZihniOzdil,@dijkvangijs,Directed,1320,,,1
@ZihniOzdil,@harryvdmolen,Directed,1321,,,1
@ZihniOzdil,@jesseklaver,Directed,1322,,,8
@ZihniOzdil,@kirstenvdhul,Directed,1323,,,1
@ZihniOzdil,@wimjanrenkema,Directed,1324,,,1
@a_mulder,@ArneWeverling,Directed,1325,,,1
@a_mulder,@BramvanOjikGL,Directed,1326,,,1
@a_mulder,@DennisWiersma,Directed,1327,,,1
@a_mulder,@DilanYesilgoz,Directed,1328,,,1
@a_mulder,@FrankFutselaar,Directed,1329,,,1
@a_mulder,@HanTenBroeke,Directed,1330,,,2
@a_mulder,@JacoGeurts,Directed,1331,,,1
@a_mulder,@Jan_Middendorp,Directed,1332,,,1
@a_mulder,@KeesVee,Directed,1333,,,3
@a_mulder,@MalikAzmani,Directed,1334,,,3
@a_mulder,@MustafaAmhaouch,Directed,1335,,,1
@a_mulder,@MvanToorenburg,Directed,1336,,,1
@a_mulder,@PieterOmtzigt,Directed,1337,,,4
@a_mulder,@RenskeLeijten,Directed,1338,,,5
@a_mulder,@Worsdorfer,Directed,1339,,,1
@a_mulder,@a_mulder,Directed,1340,,,30
@a_mulder,@bentebecker,Directed,1341,,,2
@a_mulder,@foortvanoosten,Directed,1342,,,1
@a_mulder,@geertwilderspvv,Directed,1343,,,1
@a_mulder,@kirstenvdhul,Directed,1344,,,1
@a_mulder,@remcovvd,Directed,1345,,,1
@a_mulder,@thierrybaudet,Directed,1346,,,1
@achrafboualiD66,@APechtold,Directed,1347,,,1
@achrafboualiD66,@HanTenBroeke,Directed,1348,,,1
@achrafboualiD66,@IsabelleDiks,Directed,1349,,,1
@achrafboualiD66,@KeesVee,Directed,1350,,,1
@achrafboualiD66,@LeonieSazias,Directed,1351,,,1
@achrafboualiD66,@RenePetersOss,Directed,1352,,,1
@achrafboualiD66,@SadetKarabulut,Directed,1353,,,1
@achrafboualiD66,@SandraBeckerman,Directed,1354,,,1
@achrafboualiD66,@TomvanderLee,Directed,1355,,,1
@achrafboualiD66,@Vera_Bergkamp,Directed,1356,,,1
@achrafboualiD66,@achrafboualiD66,Directed,1357,,,10
@achrafboualiD66,@estherouwehand,Directed,1358,,,1
@achrafboualiD66,@svanweyenberg,Directed,1359,,,3
@achrafboualiD66,@swsjoerdsma,Directed,1360,,,3
@andrebosman,@AgnesMulderCDA,Directed,1361,,,1
@andrebosman,@ArneWeverling,Directed,1362,,,1
@andrebosman,@AvandenBoschVVD,Directed,1363,,,1
@andrebosman,@DennisWiersma,Directed,1364,,,2
@andrebosman,@DilanYesilgoz,Directed,1365,,,7
@andrebosman,@HanTenBroeke,Directed,1366,,,15
@andrebosman,@HankeBruinsSlot,Directed,1367,,,1
@andrebosman,@JacoGeurts,Directed,1368,,,1
@andrebosman,@Jan_Middendorp,Directed,1369,,,1
@andrebosman,@SalimaBelhaj,Directed,1370,,,3
@andrebosman,@SvenKoopmansVVD,Directed,1371,,,1
@andrebosman,@a_mulder,Directed,1372,,,1
@andrebosman,@andrebosman,Directed,1373,,,6
@andrebosman,@arnorutte,Directed,1374,,,1
@andrebosman,@bentebecker,Directed,1375,,,11
@andrebosman,@bvantwout,Directed,1376,,,1
@andrebosman,@chris_stoffer,Directed,1377,,,1
@andrebosman,@danielkoerhuis,Directed,1378,,,5
@andrebosman,@dijkhoff,Directed,1379,,,1
@andrebosman,@geertwilderspvv,Directed,1380,,,3
@andrebosman,@gertjansegers,Directed,1381,,,1
@andrebosman,@harryvdmolen,Directed,1382,,,1
@andrebosman,@mvonmartels,Directed,1383,,,1
@andrebosman,@thierrybaudet,Directed,1384,,,3
@arnorutte,@ArneWeverling,Directed,1385,,,1
@arnorutte,@DennisWiersma,Directed,1386,,,2
@arnorutte,@DilanYesilgoz,Directed,1387,,,14
@arnorutte,@HanTenBroeke,Directed,1388,,,7
@arnorutte,@KeesVee,Directed,1389,,,2
@arnorutte,@MalikAzmani,Directed,1390,,,1
@arnorutte,@Martijncda,Directed,1391,,,1
@arnorutte,@SvenKoopmansVVD,Directed,1392,,,4
@arnorutte,@andrebosman,Directed,1393,,,2
@arnorutte,@arnorutte,Directed,1394,,,9
@arnorutte,@bentebecker,Directed,1395,,,1
@arnorutte,@cnijkerken,Directed,1396,,,4
@arnorutte,@danielkoerhuis,Directed,1397,,,3
@arnorutte,@dijkhoff,Directed,1398,,,1
@arnorutte,@foortvanoosten,Directed,1399,,,9
@arnorutte,@keesvdstaaij,Directed,1400,,,5
@arnorutte,@lilianhelderpvv,Directed,1401,,,1
@arnorutte,@remcovvd,Directed,1402,,,1
@attjekuiken,@BramvanOjikGL,Directed,1403,,,1
@attjekuiken,@F_azarkan,Directed,1404,,,1
@attjekuiken,@GidiMarkuszower,Directed,1405,,,1
@attjekuiken,@GroothuizenD66,Directed,1406,,,2
@attjekuiken,@HelmaLodders,Directed,1407,,,3
@attjekuiken,@JacoGeurts,Directed,1408,,,1
@attjekuiken,@JaspervanDijkSP,Directed,1409,,,1
@attjekuiken,@JoelVoordewind,Directed,1410,,,1
@attjekuiken,@KeesVee,Directed,1411,,,1
@attjekuiken,@LauraBromet,Directed,1412,,,1
@attjekuiken,@LodewijkA,Directed,1413,,,14
@attjekuiken,@MalikAzmani,Directed,1414,,,1
@attjekuiken,@MichielvNispen,Directed,1415,,,2
@attjekuiken,@MvanToorenburg,Directed,1416,,,3
@attjekuiken,@SvenKoopmansVVD,Directed,1417,,,1
@attjekuiken,@TomvanderLee,Directed,1418,,,1
@attjekuiken,@Vera_Bergkamp,Directed,1419,,,2
@attjekuiken,@arnorutte,Directed,1420,,,1
@attjekuiken,@attjekuiken,Directed,1421,,,11
@attjekuiken,@dijkvangijs,Directed,1422,,,2
@attjekuiken,@foortvanoosten,Directed,1423,,,1
@attjekuiken,@gertjansegers,Directed,1424,,,1
@attjekuiken,@henknijboer,Directed,1425,,,6
@attjekuiken,@keesvdstaaij,Directed,1426,,,1
@attjekuiken,@kirstenvdhul,Directed,1427,,,3
@attjekuiken,@peterkwint,Directed,1428,,,3
@attjekuiken,@wmoorlag,Directed,1429,,,1
@aukjedevries,@AgnesMulderCDA,Directed,1430,,,1
@aukjedevries,@Antoinettelaan,Directed,1431,,,1
@aukjedevries,@ArneWeverling,Directed,1432,,,2
@aukjedevries,@DennisWiersma,Directed,1433,,,1
@aukjedevries,@DilanYesilgoz,Directed,1434,,,1
@aukjedevries,@HanTenBroeke,Directed,1435,,,1
@aukjedevries,@HelmaLodders,Directed,1436,,,2
@aukjedevries,@arnorutte,Directed,1437,,,1
@aukjedevries,@aukjedevries,Directed,1438,,,4
@aukjedevries,@bvantwout,Directed,1439,,,1
@aukjedevries,@cnijkerken,Directed,1440,,,1
@aukjedevries,@remcovvd,Directed,1441,,,7
@bartsnels,@CorinneEllemeet,Directed,1442,,,1
@bartsnels,@Lisawesterveld,Directed,1443,,,4
@bartsnels,@MahirAlkaya,Directed,1444,,,1
@bartsnels,@MarijnissenL,Directed,1445,,,1
@bartsnels,@PaulSmeulders,Directed,1446,,,3
@bartsnels,@PieterOmtzigt,Directed,1447,,,2
@bartsnels,@RoaldLinde,Directed,1448,,,1
@bartsnels,@TomvanderLee,Directed,1449,,,4
@bartsnels,@ZihniOzdil,Directed,1450,,,3
@bartsnels,@bartsnels,Directed,1451,,,6
@bartsnels,@jesseklaver,Directed,1452,,,29
@bartsnels,@jpaternotte,Directed,1453,,,1
@bartvankent,@CemLacin,Directed,1454,,,2
@bartvankent,@JaspervanDijkSP,Directed,1455,,,11
@bartvankent,@MaartenHijink,Directed,1456,,,1
@bartvankent,@MahirAlkaya,Directed,1457,,,6
@bartvankent,@MarijnissenL,Directed,1458,,,31
@bartvankent,@RenskeLeijten,Directed,1459,,,4
@bartvankent,@SadetKarabulut,Directed,1460,,,2
@bartvankent,@SandraBeckerman,Directed,1461,,,5
@bartvankent,@bartvankent,Directed,1462,,,17
@bartvankent,@dijkhoff,Directed,1463,,,2
@bartvankent,@dijkvangijs,Directed,1464,,,2
@bartvankent,@peterkwint,Directed,1465,,,10
@bartvankent,@svanweyenberg,Directed,1466,,,1
@bentebecker,@AvandenBoschVVD,Directed,1467,,,1
@bentebecker,@DennisWiersma,Directed,1468,,,1
@bentebecker,@DilanYesilgoz,Directed,1469,,,7
@bentebecker,@F_azarkan,Directed,1470,,,1
@bentebecker,@HanTenBroeke,Directed,1471,,,9
@bentebecker,@HelmaLodders,Directed,1472,,,2
@bentebecker,@SadetKarabulut,Directed,1473,,,1
@bentebecker,@SvenKoopmansVVD,Directed,1474,,,3
@bentebecker,@a_mulder,Directed,1475,,,3
@bentebecker,@andrebosman,Directed,1476,,,1
@bentebecker,@arnorutte,Directed,1477,,,4
@bentebecker,@bentebecker,Directed,1478,,,13
@bentebecker,@cnijkerken,Directed,1479,,,1
@bentebecker,@geertwilderspvv,Directed,1480,,,2
@bentebecker,@gertjansegers,Directed,1481,,,2
@bentebecker,@jpaternotte,Directed,1482,,,1
@bentebecker,@remcovvd,Directed,1483,,,3
@bentebecker,@rudmer,Directed,1484,,,1
@bentebecker,@thierrybaudet,Directed,1485,,,1
@bvantwout,@ArneWeverling,Directed,1486,,,1
@bvantwout,@AvandenBoschVVD,Directed,1487,,,1
@bvantwout,@DennisWiersma,Directed,1488,,,3
@bvantwout,@DilanYesilgoz,Directed,1489,,,11
@bvantwout,@HanTenBroeke,Directed,1490,,,4
@bvantwout,@HelmaLodders,Directed,1491,,,1
@bvantwout,@Jan_Middendorp,Directed,1492,,,1
@bvantwout,@MalikAzmani,Directed,1493,,,3
@bvantwout,@MvanToorenburg,Directed,1494,,,1
@bvantwout,@Worsdorfer,Directed,1495,,,1
@bvantwout,@a_mulder,Directed,1496,,,1
@bvantwout,@andrebosman,Directed,1497,,,1
@bvantwout,@arnorutte,Directed,1498,,,4
@bvantwout,@aukjedevries,Directed,1499,,,1
@bvantwout,@bentebecker,Directed,1500,,,8
@bvantwout,@bvantwout,Directed,1501,,,11
@bvantwout,@cnijkerken,Directed,1502,,,1
@bvantwout,@danielkoerhuis,Directed,1503,,,1
@bvantwout,@dijkhoff,Directed,1504,,,9
@bvantwout,@ockjetellegen,Directed,1505,,,1
@bvantwout,@remcovvd,Directed,1506,,,1
@carladikfaber,@CvanBrenk,Directed,1507,,,1
@carladikfaber,@ErikRonnes,Directed,1508,,,1
@carladikfaber,@JessicaVanEijs,Directed,1509,,,1
@carladikfaber,@JoelVoordewind,Directed,1510,,,1
@carladikfaber,@MatthijsSienot,Directed,1511,,,1
@carladikfaber,@RobJetten,Directed,1512,,,2
@carladikfaber,@TomvanderLee,Directed,1513,,,1
@carladikfaber,@carladikfaber,Directed,1514,,,32
@carladikfaber,@chris_stoffer,Directed,1515,,,6
@carladikfaber,@eppobruins,Directed,1516,,,1
@carladikfaber,@gertjansegers,Directed,1517,,,6
@carladikfaber,@jpaternotte,Directed,1518,,,1
@carladikfaber,@keesvdstaaij,Directed,1519,,,1
@carladikfaber,@monicadenboer,Directed,1520,,,1
@chris_stoffer,@carladikfaber,Directed,1521,,,3
@chris_stoffer,@chris_stoffer,Directed,1522,,,25
@chris_stoffer,@keesvdstaaij,Directed,1523,,,12
@chris_stoffer,@remcovvd,Directed,1524,,,2
@cnijkerken,@CvanBrenk,Directed,1525,,,1
@cnijkerken,@DennisWiersma,Directed,1526,,,28
@cnijkerken,@DilanYesilgoz,Directed,1527,,,1
@cnijkerken,@HanTenBroeke,Directed,1528,,,1
@cnijkerken,@HaykeVeldman,Directed,1529,,,4
@cnijkerken,@HelmaLodders,Directed,1530,,,4
@cnijkerken,@Jan_Middendorp,Directed,1531,,,4
@cnijkerken,@MustafaAmhaouch,Directed,1532,,,1
@cnijkerken,@SvenKoopmansVVD,Directed,1533,,,2
@cnijkerken,@arnorutte,Directed,1534,,,7
@cnijkerken,@aukjedevries,Directed,1535,,,4
@cnijkerken,@bentebecker,Directed,1536,,,12
@cnijkerken,@cnijkerken,Directed,1537,,,10
@cnijkerken,@dijkhoff,Directed,1538,,,1
@cnijkerken,@foortvanoosten,Directed,1539,,,3
@cnijkerken,@remcovvd,Directed,1540,,,11
@cnijkerken,@rudmer,Directed,1541,,,5
@danielkoerhuis,@DilanYesilgoz,Directed,1542,,,1
@danielkoerhuis,@ErikRonnes,Directed,1543,,,5
@danielkoerhuis,@Jan_Middendorp,Directed,1544,,,1
@danielkoerhuis,@JessicaVanEijs,Directed,1545,,,4
@danielkoerhuis,@PaulSmeulders,Directed,1546,,,3
@danielkoerhuis,@SandraBeckerman,Directed,1547,,,10
@danielkoerhuis,@carladikfaber,Directed,1548,,,1
@danielkoerhuis,@danielkoerhuis,Directed,1549,,,25
@danielkoerhuis,@dijkhoff,Directed,1550,,,1
@danielkoerhuis,@henknijboer,Directed,1551,,,1
@dijkhoff,@DilanYesilgoz,Directed,1552,,,5
@dijkhoff,@JeanineHennis,Directed,1553,,,1
@dijkhoff,@arnorutte,Directed,1554,,,1
@dijkhoff,@dijkhoff,Directed,1555,,,24
@dijkhoff,@geertwilderspvv,Directed,1556,,,1
@dijkhoff,@jesseklaver,Directed,1557,,,1
@dijkvangijs,@CemLacin,Directed,1558,,,1
@dijkvangijs,@CvanBrenk,Directed,1559,,,1
@dijkvangijs,@JaspervanDijkSP,Directed,1560,,,5
@dijkvangijs,@JohnKerstens,Directed,1561,,,1
@dijkvangijs,@Lisawesterveld,Directed,1562,,,2
@dijkvangijs,@LodewijkA,Directed,1563,,,8
@dijkvangijs,@MatthijsSienot,Directed,1564,,,1
@dijkvangijs,@ZihniOzdil,Directed,1565,,,6
@dijkvangijs,@attjekuiken,Directed,1566,,,1
@dijkvangijs,@bartvankent,Directed,1567,,,4
@dijkvangijs,@carladikfaber,Directed,1568,,,1
@dijkvangijs,@dijkvangijs,Directed,1569,,,18
@dijkvangijs,@eppobruins,Directed,1570,,,1
@dijkvangijs,@harryvdmolen,Directed,1571,,,1
@dijkvangijs,@henknijboer,Directed,1572,,,2
@dijkvangijs,@jpaternotte,Directed,1573,,,1
@dijkvangijs,@kirstenvdhul,Directed,1574,,,5
@dijkvangijs,@mvonmartels,Directed,1575,,,1
@dijkvangijs,@peterkwint,Directed,1576,,,1
@dijkvangijs,@remcovvd,Directed,1577,,,2
@dijkvangijs,@svanweyenberg,Directed,1578,,,1
@edgarmulder1,@FleurAgemaPVV,Directed,1579,,,1
@edgarmulder1,@GraafdeMachiel,Directed,1580,,,8
@edgarmulder1,@edgarmulder1,Directed,1581,,,3
@edgarmulder1,@geertwilderspvv,Directed,1582,,,57
@edgarmulder1,@harmbeertema,Directed,1583,,,4
@edgarmulder1,@leondejong,Directed,1584,,,4
@edgarmulder1,@lilianhelderpvv,Directed,1585,,,1
@edgarmulder1,@r_deroonpvv,Directed,1586,,,6
@edgarmulder1,@rvanaalst,Directed,1587,,,1
@eppobruins,@AntoonKanis,Directed,1588,,,1
@eppobruins,@CvanBrenk,Directed,1589,,,1
@eppobruins,@HaykeVeldman,Directed,1590,,,1
@eppobruins,@HelmaLodders,Directed,1591,,,1
@eppobruins,@JaspervanDijkSP,Directed,1592,,,2
@eppobruins,@JoelVoordewind,Directed,1593,,,1
@eppobruins,@MustafaAmhaouch,Directed,1594,,,2
@eppobruins,@PaulSmeulders,Directed,1595,,,2
@eppobruins,@PieterOmtzigt,Directed,1596,,,12
@eppobruins,@RenePetersOss,Directed,1597,,,1
@eppobruins,@TomvanderLee,Directed,1598,,,1
@eppobruins,@carladikfaber,Directed,1599,,,1
@eppobruins,@dijkhoff,Directed,1600,,,1
@eppobruins,@dijkvangijs,Directed,1601,,,1
@eppobruins,@eppobruins,Directed,1602,,,18
@eppobruins,@gertjansegers,Directed,1603,,,6
@eppobruins,@jpaternotte,Directed,1604,,,7
@eppobruins,@michelrog,Directed,1605,,,1
@eppobruins,@suzanne_GL,Directed,1606,,,1
@eppobruins,@svanweyenberg,Directed,1607,,,1
@erikziengs,@AgnesMulderCDA,Directed,1608,,,6
@erikziengs,@AnneKuik,Directed,1609,,,1
@erikziengs,@Antoinettelaan,Directed,1610,,,1
@erikziengs,@ArneWeverling,Directed,1611,,,3
@erikziengs,@EvertJanSlootwe,Directed,1612,,,2
@erikziengs,@HanTenBroeke,Directed,1613,,,3
@erikziengs,@HaykeVeldman,Directed,1614,,,1
@erikziengs,@HelmaLodders,Directed,1615,,,8
@erikziengs,@HenkKrol,Directed,1616,,,1
@erikziengs,@IsabelleDiks,Directed,1617,,,1
@erikziengs,@JacoGeurts,Directed,1618,,,1
@erikziengs,@Jan_Middendorp,Directed,1619,,,1
@erikziengs,@JessicaVanEijs,Directed,1620,,,2
@erikziengs,@JobaCDA,Directed,1621,,,4
@erikziengs,@MaartenHijink,Directed,1622,,,1
@erikziengs,@MatthijsSienot,Directed,1623,,,1
@erikziengs,@PieterOmtzigt,Directed,1624,,,5
@erikziengs,@RenskeLeijten,Directed,1625,,,1
@erikziengs,@RidderDionGraus,Directed,1626,,,2
@erikziengs,@Sophie_Hermans,Directed,1627,,,1
@erikziengs,@ZelYassini,Directed,1628,,,2
@erikziengs,@andrebosman,Directed,1629,,,4
@erikziengs,@arnorutte,Directed,1630,,,11
@erikziengs,@attjekuiken,Directed,1631,,,1
@erikziengs,@aukjedevries,Directed,1632,,,20
@erikziengs,@bentebecker,Directed,1633,,,6
@erikziengs,@bvantwout,Directed,1634,,,1
@erikziengs,@carladikfaber,Directed,1635,,,1
@erikziengs,@cnijkerken,Directed,1636,,,7
@erikziengs,@erikziengs,Directed,1637,,,93
@erikziengs,@harryvdmolen,Directed,1638,,,1
@erikziengs,@jpaternotte,Directed,1639,,,3
@erikziengs,@khadijaArib,Directed,1640,,,1
@erikziengs,@mvonmartels,Directed,1641,,,1
@erikziengs,@ockjetellegen,Directed,1642,,,1
@erikziengs,@piadijkstra,Directed,1643,,,1
@erikziengs,@remcovvd,Directed,1644,,,11
@erikziengs,@suzanne_GL,Directed,1645,,,1
@erikziengs,@svanweyenberg,Directed,1646,,,6
@estherouwehand,@JessicaVanEijs,Directed,1647,,,3
@estherouwehand,@LammertvanRaan,Directed,1648,,,1
@estherouwehand,@Lisawesterveld,Directed,1649,,,1
@estherouwehand,@RidderDionGraus,Directed,1650,,,3
@estherouwehand,@TjeerdD66,Directed,1651,,,3
@estherouwehand,@WassenbergFrank,Directed,1652,,,1
@estherouwehand,@estherouwehand,Directed,1653,,,17
@estherouwehand,@gertjansegers,Directed,1654,,,1
@estherouwehand,@mariannethieme,Directed,1655,,,5
@estherouwehand,@peterkwint,Directed,1656,,,6
@foortvanoosten,@ArneWeverling,Directed,1657,,,1
@foortvanoosten,@AvandenBoschVVD,Directed,1658,,,1
@foortvanoosten,@DennisWiersma,Directed,1659,,,2
@foortvanoosten,@DilanYesilgoz,Directed,1660,,,1
@foortvanoosten,@GroothuizenD66,Directed,1661,,,3
@foortvanoosten,@HanTenBroeke,Directed,1662,,,2
@foortvanoosten,@HelmaLodders,Directed,1663,,,1
@foortvanoosten,@Jan_Middendorp,Directed,1664,,,1
@foortvanoosten,@MalikAzmani,Directed,1665,,,1
@foortvanoosten,@Martijncda,Directed,1666,,,1
@foortvanoosten,@MvanToorenburg,Directed,1667,,,1
@foortvanoosten,@SvenKoopmansVVD,Directed,1668,,,2
@foortvanoosten,@Worsdorfer,Directed,1669,,,3
@foortvanoosten,@arnorutte,Directed,1670,,,10
@foortvanoosten,@attjekuiken,Directed,1671,,,3
@foortvanoosten,@cnijkerken,Directed,1672,,,1
@foortvanoosten,@foortvanoosten,Directed,1673,,,11
@foortvanoosten,@lilianhelderpvv,Directed,1674,,,1
@foortvanoosten,@ockjetellegen,Directed,1675,,,1
@foortvanoosten,@remcovvd,Directed,1676,,,5
@geertwilderspvv,@GidiMarkuszower,Directed,1677,,,2
@geertwilderspvv,@GraafdeMachiel,Directed,1678,,,1
@geertwilderspvv,@edgarmulder1,Directed,1679,,,3
@geertwilderspvv,@geertwilderspvv,Directed,1680,,,90
@geertwilderspvv,@harmbeertema,Directed,1681,,,2
@gertjansegers,@HanTenBroeke,Directed,1682,,,1
@gertjansegers,@JacoGeurts,Directed,1683,,,1
@gertjansegers,@JoelVoordewind,Directed,1684,,,2
@gertjansegers,@Paul_van_Meenen,Directed,1685,,,1
@gertjansegers,@PieterHeerma,Directed,1686,,,3
@gertjansegers,@PieterOmtzigt,Directed,1687,,,2
@gertjansegers,@attjekuiken,Directed,1688,,,1
@gertjansegers,@carladikfaber,Directed,1689,,,6
@gertjansegers,@dijkvangijs,Directed,1690,,,1
@gertjansegers,@eppobruins,Directed,1691,,,2
@gertjansegers,@gertjansegers,Directed,1692,,,2
@gertjansegers,@jpaternotte,Directed,1693,,,2
@gertjansegers,@keesvdstaaij,Directed,1694,,,1
@gertjansegers,@michelrog,Directed,1695,,,2
@harmbeertema,@FleurAgemaPVV,Directed,1696,,,3
@harmbeertema,@GraafdeMachiel,Directed,1697,,,3
@harmbeertema,@Lisawesterveld,Directed,1698,,,1
@harmbeertema,@RidderDionGraus,Directed,1699,,,2
@harmbeertema,@edgarmulder1,Directed,1700,,,1
@harmbeertema,@eppobruins,Directed,1701,,,1
@harmbeertema,@geertwilderspvv,Directed,1702,,,30
@harmbeertema,@harmbeertema,Directed,1703,,,14
@harmbeertema,@jesseklaver,Directed,1704,,,1
@harmbeertema,@kirstenvdhul,Directed,1705,,,2
@harmbeertema,@leondejong,Directed,1706,,,1
@harmbeertema,@lilianhelderpvv,Directed,1707,,,1
@harmbeertema,@michelrog,Directed,1708,,,1
@harmbeertema,@peterkwint,Directed,1709,,,1
@harmbeertema,@rudmer,Directed,1710,,,1
@harmbeertema,@thierrybaudet,Directed,1711,,,1
@harryvdmolen,@AnneKuik,Directed,1712,,,1
@harryvdmolen,@ErikRonnes,Directed,1713,,,1
@harryvdmolen,@HankeBruinsSlot,Directed,1714,,,1
@harryvdmolen,@IsabelleDiks,Directed,1715,,,2
@harryvdmolen,@JobaCDA,Directed,1716,,,1
@harryvdmolen,@Lisawesterveld,Directed,1717,,,1
@harryvdmolen,@Martijncda,Directed,1718,,,2
@harryvdmolen,@NevinOzutok,Directed,1719,,,1
@harryvdmolen,@Paul_van_Meenen,Directed,1720,,,1
@harryvdmolen,@PieterHeerma,Directed,1721,,,1
@harryvdmolen,@PieterOmtzigt,Directed,1722,,,3
@harryvdmolen,@RenePetersOss,Directed,1723,,,1
@harryvdmolen,@StienekevdGraaf,Directed,1724,,,7
@harryvdmolen,@ZihniOzdil,Directed,1725,,,1
@harryvdmolen,@harryvdmolen,Directed,1726,,,12
@harryvdmolen,@jpaternotte,Directed,1727,,,1
@harryvdmolen,@michelrog,Directed,1728,,,4
@harryvdmolen,@mvonmartels,Directed,1729,,,1
@henknijboer,@LodewijkA,Directed,1730,,,13
@henknijboer,@MarijnissenL,Directed,1731,,,1
@henknijboer,@PaulSmeulders,Directed,1732,,,1
@henknijboer,@henknijboer,Directed,1733,,,12
@jesseklaver,@BramvanOjikGL,Directed,1734,,,1
@jesseklaver,@CorinneEllemeet,Directed,1735,,,1
@jesseklaver,@Lisawesterveld,Directed,1736,,,2
@jesseklaver,@LodewijkA,Directed,1737,,,2
@jesseklaver,@MarijnissenL,Directed,1738,,,2
@jesseklaver,@NevinOzutok,Directed,1739,,,1
@jesseklaver,@PaulSmeulders,Directed,1740,,,1
@jesseklaver,@ZihniOzdil,Directed,1741,,,1
@jesseklaver,@jesseklaver,Directed,1742,,,4
@jesseklaver,@mariannethieme,Directed,1743,,,1
@jesseklaver,@sybrandbuma,Directed,1744,,,1
@jesseklaver,@thierrybaudet,Directed,1745,,,2
@jpaternotte,@APechtold,Directed,1746,,,10
@jpaternotte,@CemLacin,Directed,1747,,,3
@jpaternotte,@CvanBrenk,Directed,1748,,,1
@jpaternotte,@F_azarkan,Directed,1749,,,1
@jpaternotte,@JessicaVanEijs,Directed,1750,,,1
@jpaternotte,@KeesVee,Directed,1751,,,1
@jpaternotte,@LammertvanRaan,Directed,1752,,,2
@jpaternotte,@MustafaAmhaouch,Directed,1753,,,2
@jpaternotte,@RidderDionGraus,Directed,1754,,,3
@jpaternotte,@RobJetten,Directed,1755,,,6
@jpaternotte,@TjeerdD66,Directed,1756,,,2
@jpaternotte,@Vera_Bergkamp,Directed,1757,,,2
@jpaternotte,@ZihniOzdil,Directed,1758,,,1
@jpaternotte,@bentebecker,Directed,1759,,,3
@jpaternotte,@carladikfaber,Directed,1760,,,1
@jpaternotte,@eppobruins,Directed,1761,,,5
@jpaternotte,@gertjansegers,Directed,1762,,,3
@jpaternotte,@jpaternotte,Directed,1763,,,7
@jpaternotte,@khadijaArib,Directed,1764,,,1
@jpaternotte,@kirstenvdhul,Directed,1765,,,1
@jpaternotte,@piadijkstra,Directed,1766,,,2
@jpaternotte,@remcovvd,Directed,1767,,,7
@jpaternotte,@suzanne_GL,Directed,1768,,,2
@jpaternotte,@svanweyenberg,Directed,1769,,,1
@jpaternotte,@swsjoerdsma,Directed,1770,,,3
@keesvdstaaij,@AgnesMulderCDA,Directed,1771,,,3
@keesvdstaaij,@BisschopRoelof,Directed,1772,,,3
@keesvdstaaij,@IsabelleDiks,Directed,1773,,,1
@keesvdstaaij,@JoelVoordewind,Directed,1774,,,9
@keesvdstaaij,@Martijncda,Directed,1775,,,3
@keesvdstaaij,@PieterOmtzigt,Directed,1776,,,1
@keesvdstaaij,@StienekevdGraaf,Directed,1777,,,1
@keesvdstaaij,@SvenKoopmansVVD,Directed,1778,,,2
@keesvdstaaij,@arnorutte,Directed,1779,,,1
@keesvdstaaij,@carladikfaber,Directed,1780,,,1
@keesvdstaaij,@chris_stoffer,Directed,1781,,,6
@keesvdstaaij,@eppobruins,Directed,1782,,,2
@keesvdstaaij,@gertjansegers,Directed,1783,,,2
@keesvdstaaij,@harryvdmolen,Directed,1784,,,1
@keesvdstaaij,@keesvdstaaij,Directed,1785,,,26
@keesvdstaaij,@michelrog,Directed,1786,,,1
@keesvdstaaij,@swsjoerdsma,Directed,1787,,,2
@khadijaArib,@AnneKuik,Directed,1788,,,1
@khadijaArib,@ArneWeverling,Directed,1789,,,1
@khadijaArib,@FleurAgemaPVV,Directed,1790,,,1
@khadijaArib,@HanTenBroeke,Directed,1791,,,1
@khadijaArib,@JaspervanDijkSP,Directed,1792,,,1
@khadijaArib,@JessicaVanEijs,Directed,1793,,,1
@khadijaArib,@LodewijkA,Directed,1794,,,2
@khadijaArib,@RenskeLeijten,Directed,1795,,,1
@khadijaArib,@Vera_Bergkamp,Directed,1796,,,1
@khadijaArib,@eppobruins,Directed,1797,,,1
@khadijaArib,@keesvdstaaij,Directed,1798,,,1
@khadijaArib,@khadijaArib,Directed,1799,,,84
@khadijaArib,@mariannethieme,Directed,1800,,,1
@khadijaArib,@michelrog,Directed,1801,,,1
@khadijaArib,@peterkwint,Directed,1802,,,1
@khadijaArib,@piadijkstra,Directed,1803,,,1
@kirstenvdhul,@AnneKuik,Directed,1804,,,1
@kirstenvdhul,@BramvanOjikGL,Directed,1805,,,1
@kirstenvdhul,@FrankFutselaar,Directed,1806,,,2
@kirstenvdhul,@IsabelleDiks,Directed,1807,,,5
@kirstenvdhul,@LammertvanRaan,Directed,1808,,,3
@kirstenvdhul,@Lisawesterveld,Directed,1809,,,3
@kirstenvdhul,@LodewijkA,Directed,1810,,,1
@kirstenvdhul,@NevinOzutok,Directed,1811,,,8
@kirstenvdhul,@Paul_van_Meenen,Directed,1812,,,2
@kirstenvdhul,@Vera_Bergkamp,Directed,1813,,,7
@kirstenvdhul,@ZihniOzdil,Directed,1814,,,1
@kirstenvdhul,@achrafboualiD66,Directed,1815,,,1
@kirstenvdhul,@attjekuiken,Directed,1816,,,2
@kirstenvdhul,@dijkvangijs,Directed,1817,,,2
@kirstenvdhul,@eppobruins,Directed,1818,,,1
@kirstenvdhul,@harryvdmolen,Directed,1819,,,1
@kirstenvdhul,@henknijboer,Directed,1820,,,3
@kirstenvdhul,@kirstenvdhul,Directed,1821,,,10
@kirstenvdhul,@mariannethieme,Directed,1822,,,1
@kirstenvdhul,@michelrog,Directed,1823,,,2
@kirstenvdhul,@peterkwint,Directed,1824,,,3
@kirstenvdhul,@swsjoerdsma,Directed,1825,,,1
@leondejong,@EmielVanDijkPVV,Directed,1826,,,1
@leondejong,@FleurAgemaPVV,Directed,1827,,,1
@leondejong,@GidiMarkuszower,Directed,1828,,,3
@leondejong,@GraafdeMachiel,Directed,1829,,,4
@leondejong,@edgarmulder1,Directed,1830,,,1
@leondejong,@geertwilderspvv,Directed,1831,,,121
@leondejong,@harmbeertema,Directed,1832,,,3
@leondejong,@leondejong,Directed,1833,,,15
@lilianhelderpvv,@EmielVanDijkPVV,Directed,1834,,,1
@lilianhelderpvv,@FleurAgemaPVV,Directed,1835,,,1
@lilianhelderpvv,@GraafdeMachiel,Directed,1836,,,1
@lilianhelderpvv,@KopsPVV,Directed,1837,,,1
@lilianhelderpvv,@MarijnissenL,Directed,1838,,,1
@lilianhelderpvv,@RidderDionGraus,Directed,1839,,,8
@lilianhelderpvv,@foortvanoosten,Directed,1840,,,1
@lilianhelderpvv,@geertwilderspvv,Directed,1841,,,14
@lilianhelderpvv,@harmbeertema,Directed,1842,,,2
@lilianhelderpvv,@leondejong,Directed,1843,,,1
@lilianhelderpvv,@lilianhelderpvv,Directed,1844,,,9
@mariannethieme,@FemkeMerel,Directed,1845,,,4
@mariannethieme,@LammertvanRaan,Directed,1846,,,4
@mariannethieme,@WassenbergFrank,Directed,1847,,,7
@mariannethieme,@estherouwehand,Directed,1848,,,6
@mariannethieme,@jpaternotte,Directed,1849,,,1
@mariannethieme,@mariannethieme,Directed,1850,,,20
@mariannethieme,@suzanne_GL,Directed,1851,,,1
@michelrog,@AnneKuik,Directed,1852,,,1
@michelrog,@BisschopRoelof,Directed,1853,,,3
@michelrog,@Lisawesterveld,Directed,1854,,,4
@michelrog,@MustafaAmhaouch,Directed,1855,,,1
@michelrog,@Paul_van_Meenen,Directed,1856,,,12
@michelrog,@RenePetersOss,Directed,1857,,,1
@michelrog,@ZihniOzdil,Directed,1858,,,1
@michelrog,@eppobruins,Directed,1859,,,4
@michelrog,@harmbeertema,Directed,1860,,,1
@michelrog,@harryvdmolen,Directed,1861,,,5
@michelrog,@kirstenvdhul,Directed,1862,,,2
@michelrog,@michelrog,Directed,1863,,,13
@michelrog,@peterkwint,Directed,1864,,,3
@michelrog,@rudmer,Directed,1865,,,5
@michelrog,@tunahankuzu,Directed,1866,,,2
@michelrog,@wimjanrenkema,Directed,1867,,,2
@ministerPloumen,@CvanBrenk,Directed,1868,,,3
@ministerPloumen,@DilanYesilgoz,Directed,1869,,,1
@ministerPloumen,@ErikRonnes,Directed,1870,,,3
@ministerPloumen,@EvertJanSlootwe,Directed,1871,,,2
@ministerPloumen,@JTielenVVD,Directed,1872,,,1
@ministerPloumen,@JaspervanDijkSP,Directed,1873,,,5
@ministerPloumen,@JoelVoordewind,Directed,1874,,,4
@ministerPloumen,@RenePetersOss,Directed,1875,,,15
@ministerPloumen,@dijkhoff,Directed,1876,,,1
@ministerPloumen,@dijkvangijs,Directed,1877,,,2
@ministerPloumen,@eppobruins,Directed,1878,,,4
@ministerPloumen,@harryvdmolen,Directed,1879,,,1
@ministerPloumen,@michelrog,Directed,1880,,,3
@ministerPloumen,@sybrandbuma,Directed,1881,,,1
@monicadenboer,@APechtold,Directed,1882,,,3
@monicadenboer,@AntjeDiertens,Directed,1883,,,1
@monicadenboer,@GroothuizenD66,Directed,1884,,,2
@monicadenboer,@KeesVee,Directed,1885,,,6
@monicadenboer,@MatthijsSienot,Directed,1886,,,2
@monicadenboer,@Paul_van_Meenen,Directed,1887,,,2
@monicadenboer,@RenePetersOss,Directed,1888,,,1
@monicadenboer,@RobJetten,Directed,1889,,,8
@monicadenboer,@SalimaBelhaj,Directed,1890,,,3
@monicadenboer,@TjeerdD66,Directed,1891,,,1
@monicadenboer,@Vera_Bergkamp,Directed,1892,,,1
@monicadenboer,@jpaternotte,Directed,1893,,,1
@monicadenboer,@mariannethieme,Directed,1894,,,1
@monicadenboer,@monicadenboer,Directed,1895,,,6
@monicadenboer,@svanweyenberg,Directed,1896,,,2
@monicadenboer,@swsjoerdsma,Directed,1897,,,1
@mvonmartels,@AgnesMulderCDA,Directed,1898,,,1
@mvonmartels,@JacoGeurts,Directed,1899,,,1
@mvonmartels,@MalikAzmani,Directed,1900,,,5
@mvonmartels,@Martijncda,Directed,1901,,,2
@mvonmartels,@MatthijsSienot,Directed,1902,,,2
@mvonmartels,@MustafaAmhaouch,Directed,1903,,,4
@mvonmartels,@RenePetersOss,Directed,1904,,,1
@mvonmartels,@StienekevdGraaf,Directed,1905,,,2
@mvonmartels,@harryvdmolen,Directed,1906,,,1
@mvonmartels,@mariannethieme,Directed,1907,,,1
@mvonmartels,@mvonmartels,Directed,1908,,,12
@mvonmartels,@remcovvd,Directed,1909,,,2
@ockjetellegen,@AntjeDiertens,Directed,1910,,,1
@ockjetellegen,@DennisWiersma,Directed,1911,,,1
@ockjetellegen,@FleurAgemaPVV,Directed,1912,,,1
@ockjetellegen,@HanTenBroeke,Directed,1913,,,3
@ockjetellegen,@LodewijkA,Directed,1914,,,3
@ockjetellegen,@MalikAzmani,Directed,1915,,,2
@ockjetellegen,@PieterHeerma,Directed,1916,,,1
@ockjetellegen,@SadetKarabulut,Directed,1917,,,1
@ockjetellegen,@SvenKoopmansVVD,Directed,1918,,,3
@ockjetellegen,@Vera_Bergkamp,Directed,1919,,,1
@ockjetellegen,@Worsdorfer,Directed,1920,,,1
@ockjetellegen,@arnorutte,Directed,1921,,,1
@ockjetellegen,@attjekuiken,Directed,1922,,,1
@ockjetellegen,@bentebecker,Directed,1923,,,3
@ockjetellegen,@dijkhoff,Directed,1924,,,2
@ockjetellegen,@gertjansegers,Directed,1925,,,1
@ockjetellegen,@jpaternotte,Directed,1926,,,1
@ockjetellegen,@ockjetellegen,Directed,1927,,,7
@ockjetellegen,@piadijkstra,Directed,1928,,,1
@ockjetellegen,@swsjoerdsma,Directed,1929,,,1
@peterkwint,@JaspervanDijkSP,Directed,1930,,,3
@peterkwint,@Lisawesterveld,Directed,1931,,,7
@peterkwint,@MaartenHijink,Directed,1932,,,1
@peterkwint,@MahirAlkaya,Directed,1933,,,1
@peterkwint,@MarijnissenL,Directed,1934,,,3
@peterkwint,@Paul_van_Meenen,Directed,1935,,,1
@peterkwint,@RenePetersOss,Directed,1936,,,1
@peterkwint,@RenskeLeijten,Directed,1937,,,5
@peterkwint,@SadetKarabulut,Directed,1938,,,1
@peterkwint,@SandraBeckerman,Directed,1939,,,5
@peterkwint,@geertwilderspvv,Directed,1940,,,1
@peterkwint,@michelrog,Directed,1941,,,1
@peterkwint,@peterkwint,Directed,1942,,,4
@peterkwint,@thierrybaudet,Directed,1943,,,4
@piadijkstra,@APechtold,Directed,1944,,,4
@piadijkstra,@AntjeDiertens,Directed,1945,,,1
@piadijkstra,@CorinneEllemeet,Directed,1946,,,1
@piadijkstra,@DennisWiersma,Directed,1947,,,1
@piadijkstra,@GroothuizenD66,Directed,1948,,,1
@piadijkstra,@HanTenBroeke,Directed,1949,,,1
@piadijkstra,@HelmaLodders,Directed,1950,,,1
@piadijkstra,@JessicaVanEijs,Directed,1951,,,1
@piadijkstra,@KeesVee,Directed,1952,,,1
@piadijkstra,@LeonieSazias,Directed,1953,,,1
@piadijkstra,@MatthijsSienot,Directed,1954,,,1
@piadijkstra,@NevinOzutok,Directed,1955,,,1
@piadijkstra,@Paul_van_Meenen,Directed,1956,,,5
@piadijkstra,@PieterHeerma,Directed,1957,,,1
@piadijkstra,@RenePetersOss,Directed,1958,,,1
@piadijkstra,@RobJetten,Directed,1959,,,3
@piadijkstra,@SalimaBelhaj,Directed,1960,,,3
@piadijkstra,@TjeerdD66,Directed,1961,,,1
@piadijkstra,@Vera_Bergkamp,Directed,1962,,,9
@piadijkstra,@attjekuiken,Directed,1963,,,1
@piadijkstra,@aukjedevries,Directed,1964,,,1
@piadijkstra,@eppobruins,Directed,1965,,,1
@piadijkstra,@gertjansegers,Directed,1966,,,1
@piadijkstra,@kirstenvdhul,Directed,1967,,,1
@piadijkstra,@monicadenboer,Directed,1968,,,1
@piadijkstra,@piadijkstra,Directed,1969,,,11
@piadijkstra,@svanweyenberg,Directed,1970,,,5
@piadijkstra,@swsjoerdsma,Directed,1971,,,5
@r_deroonpvv,@APechtold,Directed,1972,,,1
@r_deroonpvv,@FleurAgemaPVV,Directed,1973,,,1
@r_deroonpvv,@GraafdeMachiel,Directed,1974,,,1
@r_deroonpvv,@RidderDionGraus,Directed,1975,,,1
@r_deroonpvv,@edgarmulder1,Directed,1976,,,2
@r_deroonpvv,@geertwilderspvv,Directed,1977,,,7
@r_deroonpvv,@leondejong,Directed,1978,,,1
@r_deroonpvv,@r_deroonpvv,Directed,1979,,,3
@r_deroonpvv,@swsjoerdsma,Directed,1980,,,1
@remcovvd,@AvandenBoschVVD,Directed,1981,,,2
@remcovvd,@CemLacin,Directed,1982,,,2
@remcovvd,@DilanYesilgoz,Directed,1983,,,3
@remcovvd,@HanTenBroeke,Directed,1984,,,1
@remcovvd,@Jan_Middendorp,Directed,1985,,,1
@remcovvd,@LammertvanRaan,Directed,1986,,,1
@remcovvd,@MatthijsSienot,Directed,1987,,,1
@remcovvd,@MustafaAmhaouch,Directed,1988,,,1
@remcovvd,@StienekevdGraaf,Directed,1989,,,2
@remcovvd,@chris_stoffer,Directed,1990,,,1
@remcovvd,@cnijkerken,Directed,1991,,,1
@remcovvd,@dijkhoff,Directed,1992,,,1
@remcovvd,@eppobruins,Directed,1993,,,1
@remcovvd,@foortvanoosten,Directed,1994,,,1
@remcovvd,@gertjansegers,Directed,1995,,,1
@remcovvd,@jpaternotte,Directed,1996,,,4
@remcovvd,@mvonmartels,Directed,1997,,,1
@remcovvd,@remcovvd,Directed,1998,,,10
@remcovvd,@rvanaalst,Directed,1999,,,3
@remcovvd,@suzanne_GL,Directed,2000,,,4
@rensraemakers,@APechtold,Directed,2001,,,3
@rensraemakers,@AntjeDiertens,Directed,2002,,,3
@rensraemakers,@CvanBrenk,Directed,2003,,,1
@rensraemakers,@GroothuizenD66,Directed,2004,,,3
@rensraemakers,@KeesVee,Directed,2005,,,1
@rensraemakers,@MarijnissenL,Directed,2006,,,1
@rensraemakers,@Paul_van_Meenen,Directed,2007,,,4
@rensraemakers,@RobJetten,Directed,2008,,,2
@rensraemakers,@SalimaBelhaj,Directed,2009,,,2
@rensraemakers,@TjeerdD66,Directed,2010,,,3
@rensraemakers,@Vera_Bergkamp,Directed,2011,,,4
@rensraemakers,@attjekuiken,Directed,2012,,,1
@rensraemakers,@cnijkerken,Directed,2013,,,1
@rensraemakers,@dijkhoff,Directed,2014,,,1
@rensraemakers,@dijkvangijs,Directed,2015,,,2
@rensraemakers,@eppobruins,Directed,2016,,,1
@rensraemakers,@foortvanoosten,Directed,2017,,,1
@rensraemakers,@gertjansegers,Directed,2018,,,1
@rensraemakers,@harryvdmolen,Directed,2019,,,1
@rensraemakers,@jpaternotte,Directed,2020,,,1
@rensraemakers,@lilianhelderpvv,Directed,2021,,,1
@rensraemakers,@piadijkstra,Directed,2022,,,8
@rensraemakers,@svanweyenberg,Directed,2023,,,1
@rensraemakers,@wimjanrenkema,Directed,2024,,,1
@rudmer,@AntjeDiertens,Directed,2025,,,1
@rudmer,@Antoinettelaan,Directed,2026,,,1
@rudmer,@ArneWeverling,Directed,2027,,,1
@rudmer,@DennisWiersma,Directed,2028,,,1
@rudmer,@DilanYesilgoz,Directed,2029,,,1
@rudmer,@bentebecker,Directed,2030,,,4
@rudmer,@bvantwout,Directed,2031,,,1
@rudmer,@eppobruins,Directed,2032,,,1
@rudmer,@harmbeertema,Directed,2033,,,3
@rudmer,@kirstenvdhul,Directed,2034,,,1
@rudmer,@rudmer,Directed,2035,,,6
@rvanaalst,@CemLacin,Directed,2036,,,1
@rvanaalst,@EmielVanDijkPVV,Directed,2037,,,2
@rvanaalst,@FleurAgemaPVV,Directed,2038,,,2
@rvanaalst,@GidiMarkuszower,Directed,2039,,,2
@rvanaalst,@GraafdeMachiel,Directed,2040,,,3
@rvanaalst,@KopsPVV,Directed,2041,,,1
@rvanaalst,@MatthijsSienot,Directed,2042,,,1
@rvanaalst,@edgarmulder1,Directed,2043,,,4
@rvanaalst,@foortvanoosten,Directed,2044,,,1
@rvanaalst,@geertwilderspvv,Directed,2045,,,110
@rvanaalst,@harmbeertema,Directed,2046,,,2
@rvanaalst,@leondejong,Directed,2047,,,2
@rvanaalst,@r_deroonpvv,Directed,2048,,,1
@rvanaalst,@remcovvd,Directed,2049,,,1
@rvanaalst,@rvanaalst,Directed,2050,,,5
@selcukozturknl,@APechtold,Directed,2051,,,1
@selcukozturknl,@F_azarkan,Directed,2052,,,15
@selcukozturknl,@HanTenBroeke,Directed,2053,,,1
@selcukozturknl,@LeonieSazias,Directed,2054,,,1
@selcukozturknl,@MustafaAmhaouch,Directed,2055,,,1
@selcukozturknl,@SadetKarabulut,Directed,2056,,,1
@selcukozturknl,@ZihniOzdil,Directed,2057,,,1
@selcukozturknl,@gertjansegers,Directed,2058,,,1
@selcukozturknl,@jpaternotte,Directed,2059,,,2
@selcukozturknl,@selcukozturknl,Directed,2060,,,16
@selcukozturknl,@sybrandbuma,Directed,2061,,,1
@selcukozturknl,@thierrybaudet,Directed,2062,,,1
@selcukozturknl,@tunahankuzu,Directed,2063,,,16
@suzanne_GL,@CemLacin,Directed,2064,,,4
@suzanne_GL,@CvanBrenk,Directed,2065,,,2
@suzanne_GL,@JessicaVanEijs,Directed,2066,,,1
@suzanne_GL,@LammertvanRaan,Directed,2067,,,4
@suzanne_GL,@Lisawesterveld,Directed,2068,,,1
@suzanne_GL,@MustafaAmhaouch,Directed,2069,,,4
@suzanne_GL,@RobJetten,Directed,2070,,,1
@suzanne_GL,@TomvanderLee,Directed,2071,,,4
@suzanne_GL,@eppobruins,Directed,2072,,,1
@suzanne_GL,@jesseklaver,Directed,2073,,,3
@suzanne_GL,@jpaternotte,Directed,2074,,,4
@suzanne_GL,@kirstenvdhul,Directed,2075,,,1
@suzanne_GL,@remcovvd,Directed,2076,,,11
@suzanne_GL,@rvanaalst,Directed,2077,,,1
@suzanne_GL,@suzanne_GL,Directed,2078,,,7
@svanweyenberg,@APechtold,Directed,2079,,,8
@svanweyenberg,@HelmaLodders,Directed,2080,,,3
@svanweyenberg,@HenkKrol,Directed,2081,,,1
@svanweyenberg,@PaulSmeulders,Directed,2082,,,2
@svanweyenberg,@Paul_van_Meenen,Directed,2083,,,4
@svanweyenberg,@PieterOmtzigt,Directed,2084,,,3
@svanweyenberg,@RenePetersOss,Directed,2085,,,1
@svanweyenberg,@RenskeLeijten,Directed,2086,,,1
@svanweyenberg,@RobJetten,Directed,2087,,,4
@svanweyenberg,@bartvankent,Directed,2088,,,1
@svanweyenberg,@danielkoerhuis,Directed,2089,,,3
@svanweyenberg,@dijkvangijs,Directed,2090,,,1
@svanweyenberg,@eppobruins,Directed,2091,,,1
@svanweyenberg,@jpaternotte,Directed,2092,,,1
@svanweyenberg,@piadijkstra,Directed,2093,,,1
@svanweyenberg,@swsjoerdsma,Directed,2094,,,1
@swsjoerdsma,@APechtold,Directed,2095,,,7
@swsjoerdsma,@GroothuizenD66,Directed,2096,,,4
@swsjoerdsma,@HanTenBroeke,Directed,2097,,,1
@swsjoerdsma,@JoelVoordewind,Directed,2098,,,1
@swsjoerdsma,@KeesVee,Directed,2099,,,1
@swsjoerdsma,@Paul_van_Meenen,Directed,2100,,,3
@swsjoerdsma,@PieterOmtzigt,Directed,2101,,,1
@swsjoerdsma,@RobJetten,Directed,2102,,,1
@swsjoerdsma,@SadetKarabulut,Directed,2103,,,1
@swsjoerdsma,@SalimaBelhaj,Directed,2104,,,2
@swsjoerdsma,@Vera_Bergkamp,Directed,2105,,,4
@swsjoerdsma,@geertwilderspvv,Directed,2106,,,1
@swsjoerdsma,@jpaternotte,Directed,2107,,,3
@swsjoerdsma,@kirstenvdhul,Directed,2108,,,1
@swsjoerdsma,@swsjoerdsma,Directed,2109,,,4
@swsjoerdsma,@thierrybaudet,Directed,2110,,,1
@sybrandbuma,@APechtold,Directed,2111,,,1
@sybrandbuma,@EvertJanSlootwe,Directed,2112,,,1
@sybrandbuma,@JacoGeurts,Directed,2113,,,1
@sybrandbuma,@MustafaAmhaouch,Directed,2114,,,1
@sybrandbuma,@MvanToorenburg,Directed,2115,,,1
@sybrandbuma,@PieterOmtzigt,Directed,2116,,,1
@sybrandbuma,@gertjansegers,Directed,2117,,,1
@sybrandbuma,@harryvdmolen,Directed,2118,,,2
@sybrandbuma,@jesseklaver,Directed,2119,,,1
@sybrandbuma,@khadijaArib,Directed,2120,,,1
@sybrandbuma,@sybrandbuma,Directed,2121,,,32
@thierrybaudet,@DilanYesilgoz,Directed,2122,,,1
@thierrybaudet,@LodewijkA,Directed,2123,,,1
@thierrybaudet,@THiddema,Directed,2124,,,10
@thierrybaudet,@khadijaArib,Directed,2125,,,3
@thierrybaudet,@thierrybaudet,Directed,2126,,,31
@tunahankuzu,@APechtold,Directed,2127,,,2
@tunahankuzu,@F_azarkan,Directed,2128,,,26
@tunahankuzu,@HanTenBroeke,Directed,2129,,,2
@tunahankuzu,@KeesVee,Directed,2130,,,1
@tunahankuzu,@SadetKarabulut,Directed,2131,,,2
@tunahankuzu,@ZihniOzdil,Directed,2132,,,1
@tunahankuzu,@danielkoerhuis,Directed,2133,,,1
@tunahankuzu,@dijkhoff,Directed,2134,,,1
@tunahankuzu,@geertwilderspvv,Directed,2135,,,1
@tunahankuzu,@gertjansegers,Directed,2136,,,4
@tunahankuzu,@piadijkstra,Directed,2137,,,1
@tunahankuzu,@thierrybaudet,Directed,2138,,,1
@tunahankuzu,@tunahankuzu,Directed,2139,,,24
@wimjanrenkema,@LauraBromet,Directed,2140,,,1
@wimjanrenkema,@Lisawesterveld,Directed,2141,,,2
@wimjanrenkema,@TomvanderLee,Directed,2142,,,1
@wimjanrenkema,@bartsnels,Directed,2143,,,1
@wimjanrenkema,@geertwilderspvv,Directed,2144,,,1
@wimjanrenkema,@gertjansegers,Directed,2145,,,1
@wimjanrenkema,@jesseklaver,Directed,2146,,,4
@wimjanrenkema,@michelrog,Directed,2147,,,2
@wimjanrenkema,@suzanne_GL,Directed,2148,,,1
@wmoorlag,@KopsPVV,Directed,2149,,,1
@wmoorlag,@LeonieSazias,Directed,2150,,,1
@wmoorlag,@LodewijkA,Directed,2151,,,3
@wmoorlag,@RidderDionGraus,Directed,2152,,,1
@wmoorlag,@TjeerdD66,Directed,2153,,,1
@wmoorlag,@henknijboer,Directed,2154,,,3
@wmoorlag,@kirstenvdhul,Directed,2155,,,1
@wmoorlag,@thierrybaudet,Directed,2156,,,2
@wmoorlag,@wmoorlag,Directed,2157,,,11
@wybrenvanhaga,@Antoinettelaan,Directed,2158,,,1
@wybrenvanhaga,@ArneWeverling,Directed,2159,,,2
@wybrenvanhaga,@AvandenBoschVVD,Directed,2160,,,1
@wybrenvanhaga,@DennisWiersma,Directed,2161,,,2
@wybrenvanhaga,@DilanYesilgoz,Directed,2162,,,3
@wybrenvanhaga,@PieterOmtzigt,Directed,2163,,,1
@wybrenvanhaga,@StienekevdGraaf,Directed,2164,,,7
@wybrenvanhaga,@SvenKoopmansVVD,Directed,2165,,,4
@wybrenvanhaga,@Worsdorfer,Directed,2166,,,1
@wybrenvanhaga,@a_mulder,Directed,2167,,,1
@wybrenvanhaga,@andrebosman,Directed,2168,,,1
@wybrenvanhaga,@bentebecker,Directed,2169,,,8
@wybrenvanhaga,@danielkoerhuis,Directed,2170,,,6
@wybrenvanhaga,@dijkhoff,Directed,2171,,,1
@wybrenvanhaga,@harryvdmolen,Directed,2172,,,7
